Username,Price
@sheikhgames,10
@telechat24,10
@akkaunt_savdo,11
@o_n_c,19.01
@tantalum,10
@aaact,12
@cannn,10
@nukad,8.9
@a9_acc,100
@c8333,10
@zzzrrrr,10
@y33338,10
@belamor,35
@n_w_c,16.1
@xiaoshimei,100
@gray,"6,769"
@u_y_y,43
@fpvstore,8
@aylar,125
@mobina,125
@sondra,40
@haybatli,10
@nike_ne_adidas,10
@peiban,104
@vimtu,8
@drflug,10
@trahnyl,10
@qlady,10
@benefitting,17
@i00036,8
@ahahavaxyu,10
@a_o_r,17
@nft_ton_888,10
@wn_bb,10
@xian_6,10
@khuita,19
@hashoti,12
@suiye,20
@tttgk,15
@bhzhdhs,10
@oooyj,15
@s888u,38
@lulaoban008,10
@luzong518,10
@yyyud,15
@rrrmj,15
@luoliaoge,10
@e_cashing,8
@uiuiuiu,10
@bdsm666,10
@bdsm618,10
@chocosticks,16
@kancil,10
@haechaan,10
@mmmmmmmmm,150
@liuabao,35
@pembantu,7
@yunci,12
@sbot,"5,050"
@beiliao,11
@paihao,13
@taura,19
@promobot_ai,10
@sixpacks,156
@zhonglong,10
@chanwu,14
@yinyin,75
@u2282,17
@cartierlover,9
@unfairlys,10
@andijontaksi_toshkent,6
@i_8_8_8_8,8
@ducoc,8
@id440,20
@id218,10
@marhk,10
@sexmorph,10
@camgirl0,10
@femaleabusing,10
@koccak,10
@wingoair,8
@sararetali,10
@hhlnhhh,7
@distciplina,6.4789
@sca0m,8
@kekkk,92
@k_c_x,14
@tonmeup,10
@jovencita_bot,11
@jovenci_bot,11
@ramic,104
@dddty,10
@jjjmx,13
@jjjmt,10
@jjjvc,10
@badboy666,11
@hhhqo,10
@vvvta,10
@scopped,10
@ibrokemyback,7
@lll89,11
@yyyjo,10
@gggaj,11
@gggzh,11
@fffsk,10
@bbbvm,10
@pirbpro,20
@kkkoz,10
@hhhwi,10
@mmmwt,10
@alfonets,7
@lingxi,18
@webrub,17
@seixsy,10
@p_j_x,10
@mg666,14
@a900h,10
@i_0_1,10
@dimasik,62
@lupetto,19
@hell8,30
@akkayhtb0pa,10
@sewwa,15
@greyy,14
@pisik,23
@ccccpu,10
@kristya,35
@pppptv,20
@iiiigp,10
@kkkksu,10
@hhhh98,25
@bbbbpj,10
@maxwellcat,10
@nnnnxj,10
@unorthodox,60
@englemageren,13
@eagerrs,27
@renove,8
@houdi,21
@buydtc,15
@mizuliina,15
@g8111,10
@mihua,30
@bigdreams,14
@polynesia,21
@bonelio,7
@viaaa,100
@uvip3,10
@golden_temple,10
@zhenhai,15
@hobbits,35
@vip1039,10
@uaecryptostore,10
@rasstrely,10
@aramcoglobal,34
@grigoryvp_channel,10
@from_mvd,10
@domaindrivendesigner,10
@inanition,150
@velour,333
@magometo6,10
@id1997,15
@colegia_bot,10
@lognet,104
@qungan,10
@linggou,10
@jiulei,10
@cordless,19
@axaxaaxxaxa,10
@fenyi,10
@rayman,37
@natalio,19
@ggyzm,10
@catlover,52.5
@podkupil,10
@ocoznal,10
@racizm,13
@qqall,48
@unfair,600
@kazqh,10
@uncopyable,10
@gor1slav,7
@btcjoke,7
@e_i_2,10
@pycrb,7.88
@vipoo99,8
@giftsfragmentbot,7
@jiuhaoba,10
@magomedo6,10
@tgapao,10
@pochtenie,9
@baccaratapp,7
@y1661,11
@sonyxio,7
@sonymel,7
@babettu,7
@tavbada,7
@qungongxu,10
@mangaup,104
@hangzhou_999,10
@hwbtl37,10
@hwbtl59,10
@hwlyl9,10
@tipochek,12
@treshproda,8
@opopdd,8
@gebaq,8
@therace,104
@y_s_0,10
@a99999f,8
@heronez,7
@mjantan,7
@instincts,45
@mexc10x,10
@mingdi,100
@kuchli_mande,10
@lj_zz,10
@sashe,19
@lj_kc,10
@lj_dq,10
@fnunt,15
@dukadi,218
@yes48,8
@z4zen,7
@lj_br,10
@kinjaco,10
@btc_klller,16
@g22222,25
@lj_bg,10
@yongfa0,10
@loop,"5,050"
@urlwww,10
@aquasafe,10
@fixedusd,10
@gptsc,8
@activeru,19
@azkf_daji_v111_oppp_jeep_nzbz,10
@ncnncn,10
@x999c,12
@moderator_durova,10
@cats_barrel_roll,10
@kawaki,79
@sweetcheeks,19
@dyrrc,9
@fpvsport,8
@ziniupaofen,11
@ruzpy,8
@tinder4you,8
@wyhle,12
@timemanager,104
@goidanoid,10
@kongbao,10
@fajr_zuhr_asr_maghrib_isha,7
@pay0505,8
@h7ssu,7
@cr8888,15
@zetcord,11
@foodandsmiles,10
@iiiiiiiiiii,104
@rrrka,10
@trustappbot,8
@lozka,12
@launchtgsoft,10
@ecoline,104
@vipl111,8
@bitpull,104
@poapi,10
@v888i,13
@z888p,13
@straeky,10
@pro_football,104
@yuegui,10
@hearthstone,287
@zhongteng,300
@g_r_h,13.1
@b_r_g,10
@hypla,10
@wwwwwwwwwwwwwwwwwwwwwwvwwwwwwwww,10
@typcn,104
@r55555c,8
@euclothesusa,7
@kopeec,10
@u_p_f,12
@troll_football,104
@ellaz,23
@asianee,7.666
@tndis,10
@tanhua_ed,10
@avowo,11
@promotion08,10
@g_7_9,10
@allyonostore,10
@vladkitty,10
@qonud,7
@eurofootball,104
@vip9776,13
@j2227,10
@dd2277,9
@betatester,20
@telerenting,7
@storing,35
@cjdb,"5,569"
@idmiz,9
@idcih,8
@idxuo,9
@idmuv,10
@idss5,10
@idypy,9
@cjgx,"5,050"
@cjgq,"5,050"
@pashajetton,10
@tbelle,10
@maya99,19
@goral,19
@manzi,104
@royson,6.9
@vip78i,7.5
@d66666c,7.8
@vip03s,7.000000001
@localmodels,104
@spb_dev,10
@v_d_m,12.02
@v_d_e,12.02
@reepach,10
@l_g_i,10
@going111,7
@qsz92,7
@muhammadilloh,10
@b1ngell,10
@xuanzhou,60
@borrowing,515
@creditor,515
@umami,150
@always,"1,000"
@lasmeta,12
@uktv2,10
@race247,10
@jenni,104
@impenitence,10
@kin_g,100
@anonselling,9
@hayas,11
@autospeaker,10
@bakerybar,8
@gabrielagarcia,10
@lizbethrodriguez,10
@i99999d,7.8
@narinn,20
@ptaehyung,10
@dknyjeans,6.3
@gatemoments,10
@denjl,10
@u_r_d,12
@vinal,14
@p_u_i,12
@mille,515
@tredicenne,25
@gegong00,10
@tonvivid,9
@nnzz0,10
@diizb,9
@b_2_z,12
@auxeta,10
@giftsgem,10
@killf4ce,10
@qajik,104
@paybottle,8
@briln,45
@quaig,45
@mellstroy_bonus,50
@boogiebrew,10
@layer3eth,10
@trx789vip,88
@trx789com,59
@trx789chat,58
@trx789aaa,39
@trx789aa,38
@trx789a,58
@pixelroyale,20
@rascals,45
@pyzru,7.89
@dlya_musulmann,10
@fpress,104
@lowcalorie,8
@nftbags,104
@roksi,40
@andrxmxda,6.32
@nivas,19
@gooddevil,19
@fissg,7.88
@tiikn,7.89
@nelix,18
@alhamdulillah_yaxshilikga,6
@blammo_rus,10
@w_n_i,20
@kx444,15
@pudgek,14
@milenax,10
@trx5oo,9
@advocates,45
@sol_fliper,60
@rapesc,10
@ssvnetwork,11
@ghostminiapps,7
@drand,14
@bookofmeme,53
@fakestream,104
@danhentschel,11
@haoduqun,104
@scoggy,11
@haoduye,10
@cenat,350
@pokercaptain,10
@zd777,20
@ri777,20
@pokr4s,20
@rt222,20
@grises,22
@offers,"7,500"
@algos,104
@sirbtcoin,8
@hwbt282,10
@v_z_e,24
@worldallpay,10
@ym777,21
@ruslanblack,104
@metalboxe,10
@anydroid,10
@b_u_v,15
@beely,18
@tbbbt,44
@beiqu,16
@ekkke,50
@lwgeo,10
@id837,11
@lwheibang,10
@szlym,10
@szgeo,10
@lwhko,10
@ptygo,10
@zeus_jackpot,6.3
@fengtai,50
@mnlxzs,15
@grigorycode,10
@fintex,104
@rxckstxr,7
@vip_735,8
@play_baccarat,7
@kk33yy,8
@tonappdex,7
@rrrmmm,45
@yuragimdasan,104
@lluka,10
@ningningj,10
@fso77,10
@wipeable,9
@dilldoe,10
@tethertag,10
@paycomp,10
@laoqv,10
@t_f_u,10
@laozc,10
@gymmoscow,15.5555555
@lxiaoma,10
@hpminiapp,7
@naifeitian,10
@user963,7
@xioama1,10
@metishah,7
@laoma0,10
@tyables,7
@jiuvi,10
@jiemh,10
@jieku,10
@dingcunqiu,10
@svipprivete,7
@wdgx9,7
@wdgx4,7
@wdgx3,7
@gvardiol,25
@sm8852,7
@cuivd,10
@ahuwai,10
@zhangfuren,10
@zhangyuanwai,10
@zltal,10
@sexybuda,10
@qkitten,10
@ton_2024,8
@vip_704,10
@zaluzhny,7
@dq520,10
@caitg,20
@betterman,19
@milanochka,10
@king12,20
@m2ppp,9
@oqtex,8
@puxuq,10
@boomermarket,34
