"username","status"
FluffyIdiotChecker,Свободно
PlushyFoolVerifier,Свободно
StuffieQualityControl,Свободно
FactChecker_Pro,Свободно
CheckAccuracy,Свободно
CheckItOut_now,Доступно для покупки
FactCheckerPro,Свободно
CheckPoint_Pro,Свободно
VerifyMeNow,Свободно
FactChecker123,Свободно
FactCheck_Bot,Занято
VerifyData,Свободно
TruthSeekerBot,Занято
ValidationMaster,Свободно
LinkCheckPro,Свободно
Connection_Validator,Свободно
HelloMate,Продано
HiThereBuddy,Занято
Hello_World123,Доступно для покупки
GreetingsBot,Занято
SayHello_Bot,Занято
HelloThere_123,Занято
HiBuddyBot,Занято
SukaBlyat,Доступно для покупки
SukaQueen666,Свободно
WhatTheFck_Dude,Свободно
WTF_Explainer,Свободно
NowWhat_123,Свободно
CheckPoint_Control,Свободно
CheckItOut,Доступно для покупки
FactChecker_bot,Занято
TruthSeeker123,Занято
AuthenticityCheck,Свободно
AntiGeneration,Занято
Unpredictable_Mind,Свободно
DefyTheAlgorithm,Свободно
ChaosGenerator,Занято
NoisyPrediction,Свободно
Waiting4Answer,Занято
DelayedResponse,Свободно
Nonsense_Checker,Свободно
WhatTheHeck_bot,Занято
AbsurdityDetector,Свободно
RealityCheckBot,Занято
Existential_Quest,Свободно
God_or_Not,Свободно
The_Ultimate_Question,Свободно
WhySoSlow_bot,Свободно
Slowpoke_bot,Занято
LaggingLlama,Свободно
SnailPace_bot,Свободно
JustDoubleCheck,Свободно
DoubleCheckBot,Занято
Verify_Data,Свободно
DataValidator,Свободно
Hello_World_Bot,Занято
TimeGenChecker,Свободно
GenerationTimeBot,Свободно
TimestampVerifier,Свободно
GenTimeValidator,Свободно
CreationTimestampBot,Свободно
TariffTimeChecker,Свободно
TimeTariffGenerator,Свободно
StandardRateTimer,Свободно
TariffCheck_bot,Свободно
InitialRatePoller,Свободно
TimeRateCheckerBot,Свободно
InitialPlusTimer,Свободно
RateGenPoller,Свободно
InitialPlusTimeChecker,Свободно
TariffGenTime_bot,Свободно
PlusRateTimer,Свободно
TariffCheck_Plus,Свободно
TimeCheckPlusBot,Свободно
InitialPlusRateBot,Свободно
StartPlusTimeChecker,Свободно
TariffGenTimeBot,Свободно
InitialPlusPollBot,Свободно
TariffCheckBot,Свободно
InitialPlus_Timer,Свободно
RateGenChecker,Свободно
TariffGenChecker,Свободно
TimeCheck_Plus,Свободно
TariffCheckPlus_bot,Свободно
InitialRateCheck,Свободно
Time2Tariff_20967,Свободно
InitialPlanTimer,Свободно
RateGenPlus_Bot,Свободно
TariffChecker,Свободно
InitialPlus_bot,Свободно
TimeCheckPlus,Свободно
GenTimeCheckerBot,Свободно
RateGenCheckerBot,Свободно
TimeGenValidator_bot,Свободно
TimeGenBot,Доступно для покупки
Rate_Polling_bot,Свободно
StandardTariffTimer,Свободно
TimeCheckerBot,Занято
GenTimeVerifier,Свободно
Time_Stamp_Validator,Свободно
TimeCheck_Webhook_Starter,Свободно
WebhookTimeBot,Свободно
InitialWebhookTimer,Свободно
TimeCheckWebhook,Свободно
WebhookTimer_bot,Свободно
InitialWebhookBot,Свободно
TimeCheckInit_bot,Свободно
WebhookTimerStarter,Свободно
GenTimeBasicBot,Свободно
speed_check_bot,Занято
webhook_timer,Свободно
latency_11ms,Свободно
initial_webhook_bot,Свободно
WebhookTimeChecker,Свободно
Webhook_ms_Standard,Свободно
TimeGen_Standard_Bot,Свободно
Webhook_ms_Timer,Свободно
StandardWebhookBot,Свободно
TimeCheckBot,Занято
SpeedTest_bot,Занято
Webhook12ms,Свободно
ResponseTimeBot,Занято
Latency_Checker,Свободно
FastWebhookBot,Занято
SpeedCheck_bot,Занято
TimeVerifyBot,Свободно
TimeCheck_ms,Свободно
WebhookStarter_bot,Свободно
Amver_is_great,Свободно
Amver_the_best,Свободно
SuperAmver,Свободно
Amvera_Is_Great,Свободно
Amvera_Again_Wins,Свободно
SuperAmveraBot,Свободно
HurryUp_bot,Занято
SpeedDemonBot,Доступно для покупки
QuickSilverBot,Занято
OverLimitAchiever,Свободно
BeyondTheMark_bot,Свободно
ExceedExpectationsBot,Свободно
Sluggish_Carp,Свободно
SnailPace_Fish,Свободно
CelestialMuse,Занято
DivineSpark_bot,Свободно
checkuresname,Свободно
ichbin,Занято
azyesm,Занято
yehowa,Занято
Tetragrammaton_Secret,Свободно
YHWH_Unveiled,Свободно
Elohim_Whispers,Свободно
Tetragrammaton_Whisper,Свободно
SacredName_4,Свободно
Tetra_Codex,Свободно
VintageMotors_Garage,Свободно
ClassicCarsChronicles,Свободно
SecretBliss_Store,Свободно
A5tR0,Занято
Aether,Занято
Nexus,Занято
Starry,Занято
BookWorm,Занято
CozyCat,Занято
SunRay,Доступно для покупки
NightOwl,Продано
SunRise,Занято
GreetingBot5,Свободно
SayHiToMe,Занято
ArtLife,Доступно для покупки
SunSet,Занято
Booky,Занято
Alpha,Занято
Pixel,Занято
Cool_Cat,Занято
StarDust,Доступно для покупки
Myria,Доступно для покупки
Chronos,Продано
Aura_,Свободно
Mentis,Занято
Solus,Доступно для покупки
Verba,Занято
Starry_,Свободно
Lumen_,Свободно
Chrono5,Занято
Solara,Продано
Aether_,Свободно
Pixel8,Занято
Mnema,Занято
Silas,Продано
Solaris,Занято
DigiArt,Доступно для покупки
Cool5,Доступно для покупки
MegaX,Продано
Info_,Свободно
GeoMap,Невозможно определить
Codex_,Свободно
BookWyrm,Занято
Virgo_,Свободно
Pixel_,Свободно
ChronoX,Занято
LocalTimePolling,Свободно
Codex5,Занято
Myriad,Продано
Quicky,Занято
Bright,Продано
Mellow,Занято
Zenith,Занято
Aegis_,Свободно
Verity,Доступно для покупки
Nexus_,Свободно
Nexus5,Занято
Valkyr,Занято
Solar,Занято
Virgo,Занято
Quasar,Занято
Nexus7,Свободно
Glacier,Продано
Embera,Занято
Quantum,Продано
Ember,Продано
Cosmos,Продано
Legend,Продано
Echos,Занято
Comet,Продано
Eidos_,Свободно
Omega,Занято
Orbit,Занято
Glaive,Занято
Jester,Продано
Cipher,Занято
Silver,Занято
Orbit7,Занято
Kraken,Свободно
NetLife,Доступно для покупки
SocialM,Доступно для покупки
PostHub,Доступно для покупки
LinkUp,Доступно для покупки
SociAll,Доступно для покупки
PostNow,Доступно для покупки
InstaPro,Доступно для покупки
MediaUp,Доступно для покупки
LinkPro,Доступно для покупки
Sociall,Доступно для покупки
FeedMe,Доступно для покупки
MediaNow,Доступно для покупки
ShareIt_,Свободно
LinkUp_,Свободно
ShareNow,Доступно для покупки
InstaFeed,Доступно для покупки
MegaFun,Доступно для покупки
TechPro,Доступно для покупки
DataFun,Доступно для покупки
ArtFlow,Доступно для покупки
SmartUp,Доступно для покупки
DataFlow,Доступно для покупки
DigiFun,Доступно для покупки
Starry7,Доступно для покупки
ProTip,Доступно для покупки
InfoHub,Доступно для покупки
CodeX_,Свободно
MiniMax,Доступно для покупки
Quick1,Доступно для покупки
Techy_,Свободно
Welcome_Aboard,Занято
Singing_Centurion,Свободно
Codex22,Свободно
NightOwl8,Доступно для покупки
PixelStorm,Доступно для покупки
CodeNinja_,Свободно
QuickTrade,Доступно для покупки
SunShineDay,Доступно для покупки
DataFlow_,Свободно
SecretAgent,Доступно для покупки
DataStream_,Свободно
DataStream,Доступно для покупки
CoolBeans,Доступно для покупки
_DataFlow_,Свободно
CyberPunk77,Доступно для покупки
SunnyDays_,Свободно
_SecretCode,Свободно
StarrySky,Доступно для покупки
CyberPulse,Доступно для покупки
SunSeeker,Доступно для покупки
TechWave,Доступно для покупки
SkillUpAcademy,Доступно для покупки
KnowledgeBoost,Доступно для покупки
KnowledgeQuest,Доступно для покупки
eLearningPath,Доступно для покупки
AcademicAchiever,Свободно
eLearning_Hub,Доступно для покупки
EduPathFinder,Доступно для покупки
CourseMaster,Доступно для покупки
EduPathfinder,Доступно для покупки
Beyond_Stocks_,Свободно
Crypto_Alpha_,Свободно
Crypto_Arbitrage_,Свободно
Crypto_Arbitrage_Bot,Свободно
CryptoHedgeFund,Доступно для покупки
InvestWiselyNow,Доступно для покупки
FutureReturns_,Свободно
SmartYields,Доступно для покупки
HedgeFundInsider,Доступно для покупки
FutureOfFinance,Доступно для покупки
InvestWisely,Доступно для покупки
FutureReturns,Доступно для покупки
GlobalGrowthFund,Свободно
_Crypto_HedgeFund_,Свободно
Growth_Hacking_,Свободно
_Crypto_HedgeFund,Свободно
TgBotDev,Доступно для покупки
BotLogic,Доступно для покупки
ApiCoder,Свободно
ScriptWizard,Свободно
TeleBotMaster,Доступно для покупки
ChatbotArchitect,Доступно для покупки
ChatBotArchitect,Доступно для покупки
ChatBotPro,Доступно для покупки
DeepLearning4,Доступно для покупки
LearnWithAI,Доступно для покупки
MilkyWayExplorer,FLOOD_CONTROL:6564
GalaxyGuide_bot,FLOOD_CONTROL:6563
StarryNightHunter,FLOOD_CONTROL:6563
CosmicDust123,FLOOD_CONTROL:6563
MilkyWayMapper,FLOOD_CONTROL:6563
NebulaNavigator,FLOOD_CONTROL:6563
GalaxyGuide2024,FLOOD_CONTROL:6559
CosmicDust_bot,FLOOD_CONTROL:6559
CelestialNavigator,FLOOD_CONTROL:6559
GalaxyGuide23,FLOOD_CONTROL:4770
CosmicDustCloud,FLOOD_CONTROL:4770
Cosmic_Wanderer,Занято
DataStream_7,Свободно
SilentObserver123,Свободно
CreativeSpark42,Свободно
MusicStarNews,Свободно
TopCharts_Hits,Свободно
Global_Music_Vibes,Свободно
Roman_Lyre_Master,Свободно
Augustus_Harp,Свободно
Beatles,Занято
Mozart,Занято
Hendrix,Доступно для покупки
Madonna,Занято
Elvis,Продано
Jagger,Доступно для покупки
Zeppelin,Занято
Queen,Продано
Joplin,Занято
GustavMahler_1880s,Свободно
PiotrIlyichTchaikovsky,Занято
JohannesBrahms_Legacy,Свободно
AntoninDvorak_Masterpiece,Свободно
JoniMitchell,Доступно для покупки
NickCave,Занято
LeonardCohen,Занято
BillieHoliday,Занято
JeffBuckley,Занято
NinaSimone,Занято
MazzyStar,Занято
CocteauTwins,Занято
VelvetUnderground,Доступно для покупки
Morricone,Занято
Gershwin,Занято
Cobain,Занято
Bacharach,Занято
Mercury,Занято
IllusionMaster,Занято
HoudiniLegacy,Свободно
Great_Escapologist,Свободно
Magic_Merlin,Свободно
PhoneCheck_App,Свободно
MerlinMagic,Занято
MagicMerlin2,Свободно
Merlin_the_Wise,Занято
EnchantedMerlin,Свободно
MerlinSpells,Свободно
MouseParty_HQ,Свободно
SqueakyCelebration,Свободно
WhiskerFest2024,Свободно
Hooky_Spooky,Свободно
HocusPocusMagic,Занято
Pukey_the_Wizard,Свободно
Hooky_Puking_Games,Свободно
ConnectionCheck,Свободно
LinkChecker_bot,Занято
SignalStrength,Занято
NetworkPulse,Свободно
ConnectivityTest,Доступно для покупки
OnlineStatusBot,Занято
LinkChecker_247,Свободно
SignalVerifier,Свободно
ConnectionTestBot,Занято
NetworkPulse_bot,Свободно
Check_Authority,Свободно
Verify_Me_Now,Доступно для покупки
Truth_Seeker_Bot,Занято
DataValidator123,Свободно
IdeaGenerator4U,Свободно
WriteItNow_bot,Занято
TextSpark,Свободно
CreativeFlow123,Свободно
LocalRun_bot,Свободно
OfflineBotHelper,Свободно
MyLittleBot_v2,Свободно
Webhook_FleaFeast,Свободно
FleaBittenWebhook,Свободно
Webhook_Bloat,Свободно
BestKittyEver,Свободно
Purrfect_King,Свободно
TopCat_Of_TheWorld,Свободно
ShadowWalker7,Занято
UnseenHand_1984,Свободно
GhostInTheMachine2,Занято
The_Elusive_One,Занято
ShadowJustice,Занято
UnseenHand_17,Свободно
NoProofNeeded,Свободно
AreYouWorkingNow,Свободно
BusyBee_Checker,Свободно
WorkingHoursBot,Занято
IsItWorkTime,Свободно
DonutHats,Свободно
GlazedAndHats,Свободно
Rapture_Express,Свободно
AnyThingSeller,Свободно
Token,Занято
Rembrandt_Art,Свободно
TokenCounterBot,Свободно
API_Seafarer,Свободно
ZooBuddyStore,Свободно
Monet,Доступно для покупки
Frida,Занято
Retro_Ten_,Свободно
SilkenTouch88,Свободно
PleasurePalace_Inc,Свободно
EcstasyBliss,Свободно
PleasurePeak,Доступно для покупки
SecretDesire,Доступно для покупки
MidnightTouch,Доступно для покупки
EcstasyWhisper,Свободно
HattedDonutCo,Свободно
WorkCheck_Pro,Свободно
TaskValidator123,Свободно
QualityControlBot,Занято
PerformanceMonitor,Свободно
GenTimeInspector,Свободно
CreationTimeBot,Свободно
LocalPollTime,Свободно
TimeChecker_bot,Занято
PollTimeBot,Занято
GenTimeMonitor,Свободно
YourProfileHere,Свободно
LocalPollChecker,Свободно
TimePollBot,Занято
PollingTime_bot,Свободно
TimeGenTester,Свободно
LocalTimeChecker,Свободно
PollingTimeBot,Свободно
MoonWifiCheck,Свободно
LunarLan_bot,Свободно
NoMoonWiFi,Свободно
WorkHardPlayHarder,Занято
Efficiency_Paradox,Свободно
FocusFlowState,Свободно
TheProductivityMyth,Свободно
UnlockedAccess,Свободно
HiddenGemsRevealed,Свободно
NowYouCanGetIt,Свободно
Mytishchi_Gang,Свободно
Mytishchi_Legends,Свободно
Koldiri_MT,Свободно
TopMusicCharts,Доступно для покупки
GlobalHitmakers,Свободно
MusicStarUpdates,Свободно
LegendarySingers,Свободно
TheBeatlesForever,Занято
ClassicRockGods,Свободно
Queen_Unofficial,Занято
ElvisPresley_Fan,Свободно
MichaelJackson_Era,Свободно
Beatles_Forever,Занято
Queen_Magic,Доступно для покупки
RollingStonesRock,Свободно
MichaelJacksonKing,Занято
ElvisPresley_Legend,Свободно
PinkFloydEchoes,Занято
Mozart_Maestro,Свободно
SimpleUser,Занято
MyAccount,Занято
YourProfile,Доступно для покупки
ThisIsMe,Занято
UserName123,Занято
DefaultAccount,Занято
MyTelegramAccount,Занято
User12345,Занято
BasicAccount,Доступно для покупки
CharmingDude,Занято
Mr_Handsome_bot,Занято
ElegantGentleman,Занято
TopNotchGuy_bot,Свободно
Dashing_Ace,Свободно
TopLad_bot,Свободно
WonderWorldBot,Занято
WhatAWonderfulLife,Занято
BeautifulPlanet_bot,Занято
WorldOfJoyBot,Свободно
AmazingWorldExplorer,Свободно
WonderfulWorldBot,Занято
AmazingPlanet_bot,Занято
HappyEarthExplorer,Свободно
CanYouDoIt_bot,Занято
ChallengeAcceptedBot,Занято
TaskMasterBot,Занято
ImPossibleIsNothing,Занято
GetItDone_bot,Занято
CanYouDoItNow,Свободно
DoIt4U_bot,Занято
CanYouDoIt_Helper,Свободно
ChallengeSolverBot,Свободно
SilkParadox_bot,Свободно
SatinSteelBot,Свободно
SoftIronSheets,Свободно
Shakespeare_Bot,Занято
DaVinciCode,Занято
MarieCurie_bot,Занято
GenghisKhan123,Занято
NewtonianPhysics,Занято
MarieCurie_Facts,Свободно
GenghisKhanBot,Занято
DaVinciCodex,Занято
DaVinciCode_bot,Занято
MarieCurieBot,Занято
EinsteinQuotesBot,Свободно
MarieCurieSci,Свободно
NewtonPhysics_bot,Занято
EinsteinThinker,Свободно
ObscurePhilosophers,Свободно
ForgottenThinkers_bot,Свободно
UnderappreciatedWisdom,Свободно
Diogenes_Cynic,Занято
Heraclitus_Obscurus,Свободно
Zeno_of_Citium_bot,Занято
Al_Kindi_Philosopher,Свободно
Al_Farabi_Wisdom,Свободно
Premium_Accounts,Доступно для покупки
Speech_Rus_Bot,Свободно
CryptoKing_Bot,Занято
InstaFameSeller,Свободно
EliteHandles4Sale,Свободно
TopTierNames,Свободно
PremiumStocks_bot,Свободно
CryptoKingInvest,Занято
RoyalTradeBot,Свободно
GlobalBizSolutions,Свободно
ArtMasterpiece_1920,Свободно
RembrandtStudioPro,Свободно
Monet_Impression88,Свободно
ArtMasterpiece_Auction,Свободно
GoldenBrushGallery,Свободно
VirtualMuse_Sales,Свободно
TheBeatles_1962,Свободно
JimiHendrix_Experience,Свободно
Queen_Live85,Свободно
ObviousUser,Свободно
SimpleName,Занято
ClearIdentity,Свободно
Straightforward,Доступно для покупки
EasyUsername,Занято
TelegramUser,Свободно
MammaMia_Kitchen,Свободно
MammaMia_Delizioso,Свободно
MammaMia_CiaoBella,Свободно
checkbywifi,Свободно
Sunshine_Bot,Занято
GoldenHourBot,Занято
SolarFlare_Alerts,Свободно
SunbeamMelodies,Свободно
SunShineBot,Занято
GoldenRay_Bot,Занято
SunriseMelody,Занято
Sunbeam_Bot,Занято
HereComesTheSunShine,Свободно
ConfigSuccess_123,Свободно
Innocent_Adventures_Bot,Свободно
ItWorksFinally,Свободно
SetupIsComplete,Свободно
Tetragrammaton,Доступно для покупки
MobileAuthHelper,Свободно
VerifyMyPhone,Свободно
Checkbycheck,Занято
Username,Занято
HiThereBot,Занято
GreetingMachine,Свободно
Welcome_Bot,Занято
Welcomer123,Свободно
RoadTripAdvisor,Свободно
WhereToGoNext,Доступно для покупки
WanderlustBot,Занято
ExploreTheWorld_Guide,Свободно
TravelBuddyApp,Свободно
ClientCentricNav_bot,Свободно
FocusFlowBot,Занято
CXJourneyGuidebot,Свободно
ImplementCXbot,Свободно
ClientNavBot,Свободно
InnerCircle_bot,Занято
UserCentricGuide,Свободно
CX_Guide_bot,Свободно
InnerFocusBot,Занято
UserCentricBot,Свободно
InnerCircleGuidebot,Свободно
CXJourneyBot,Свободно
ClientCentricBot,Свободно
CustomerFocus_bot,Свободно
OmniClientBot,Свободно
GovClientBot,Свободно
CitizenFirst_bot,Свободно
PublicServantBot,Занято
ClientCentricGovBot,Свободно
CatWhispers,Свободно
Purrfect_Pal,Свободно
CozyCatCorner,Свободно
Talkative_bot,Занято
ChattyBotty,Занято
DialogueFlow_bot,Занято
StartDialogBot,Свободно
ConversationalAIbot,Занято
UnpredictableChatbot,Свободно
Chatty_bot,Занято
TalkativeBot,Занято
Conversational_bot,Занято
Dialogue_Initiator_bot,Свободно
RandomRamblerBot,Свободно
ChattyMcChatface_bot,Занято
ConversationalAI_bot,Свободно
DialogueStarterBot,Свободно
UnpredictableBot,Занято
SpeechTherapyHelper,Свободно
LogopedBot,Занято
Articulation_Pro,Свободно
LittleWords_Guru,Свободно
Logoped_Ru,Занято
Rech_Therapy,Свободно
Govorim_Pravilno,Занято
SoundsRight_Help,Свободно
LittleSpeech_Pro,Свободно
Logoped_helper,Доступно для покупки
RechTerapiyaBot,Свободно
SpeechTherapyPro,Свободно
RusskiySpeechBot,Свободно
Rech_Development,Свободно
ProaktivnyChat_bot,Свободно
Samogon_bot,Занято
InitiatorTalkBot,Свободно
checkmate,Занято
SilkWormWhisperer,Свободно
SilkRoadSpinners,Свободно
CocoonCreators,Свободно
LostChronicles,Занято
HiddenHistorian,Свободно
EnigmaDecoder_1947,Свободно
SecretArchives7,Свободно
Historian_Enigma,Свободно
LostEpochs_Chronicles,Свободно
SecretArchives1920,Свободно
MagicHatWizard,Свободно
HatOfWonder,Свободно
StrictBiz_1984,Свободно
InvestWisely_bot,Занято
Strategic_Growth,Занято
ItFinallyWorks_bot,Свободно
MoneyPrinterGoBrrr,Занято
ProfitMachine9000,Свободно
MoneyRainingDown,Свободно
CheckConnection_bot,Занято
LinkChecker123,Свободно
ConnectivityTestBot,Свободно
CheckConnect_bot,Занято
LinkStatusChecker,Свободно
cringe_central_420,Свободно
cringe_overload_bot,Свободно
super_cringe_squad,Свободно
checker,Продано
FactCheck_bot,Занято
VerifyInfoBot,Свободно
TruthVerifier123,Свободно
VerifyThis,Занято
TriColor_Bot,Занято
ThreeShades,Свободно
TripleTone,Занято
Trilogy_bot,Занято
Threefold,Занято
TripleX_bot,Занято
Triad_bot,Занято
WhatTheBlyat_Epic,Свободно
Blyat_O_Matic,Свободно
EpicBlyatBot,Свободно
Pure_Heart_Jokes,Свободно
Virgin_Queen_Humor,Свободно
BadDayVibes,Свободно
ShittyDayBot,Свободно
MyDaySucks_bot,Свободно
NoDickPics_bot,Свободно
DickPicsAreEvil,Свободно
StopDickPicsNow,Свободно
ThreesomeFunTimes,Свободно
TrioAdventures_bot,Свободно
SpiceUpYourLife3,Свободно
secret_feminine_1,Свободно
wild_woman_talks,Свободно
wild_feminine_99,Свободно
Anal_Experience_Rome,Свободно
Orgies_In,Свободно
anal_in_Rome_bot,Свободно
sneakydickbot,Свободно
pic_of_the_day_bot,Свободно
sly_dick_bot,Свободно
funny_pic_bot,Занято
random_dick_123,Свободно
dickpic_gen,Свободно
pic_creator_bot,Занято
funny_dickpics_24,Свободно
living_text_reader,Свободно
text_in_motion,Свободно
dynamic_words_bot,Свободно
BotFactoryEpic,Свободно
CodexBot_Emporium,Свободно
MastermindBotsInc,Свободно
BotCraftLab,Свободно
TelegramBotDev,Свободно
BotSmith_2024,Свободно
BotWorkshop_Kind,Свободно
FriendlyBotsInc,Свободно
JuicesBots_GoodVibes,Свободно
CraftBotWorkshop,Свободно
Artisan_Bots,Свободно
CraftBotLab,Свободно
BotCraftWorkshop,Свободно
CraftBotStudio,Свободно
CraftBot_Artisan,Свободно
Pixelated_Bots,Свободно
Pixel_Puppetry_bot,Свободно
CraftBotsInc,Свободно
Geargrind_bot,Свободно
PixelPusherBots,Свободно
cringe_bot_factory,Свободно
pixelated_pals_bot,Свободно
glitchy_gizmo_creations_bot,Свободно
Catnip_Code_bot,Свободно
FuzzyLogicBots,Свободно
Purr_fect_Automation_bot,Свободно
CodeWeavers_bot,Свободно
PixelBotsmith,Свободно
CraftBotsLab,Свободно
HandmadeBot_Studio,Свободно
UniqueBotCraft,Свободно
bot_and_kot,Свободно
HariboBeer,Занято
BeerBear,Занято
ForbesBizBot,Свободно
MarketIntel_pro,Свободно
GrowthHackingTips,Занято
Market_Insights,Занято
Gtdfhhjj,Свободно
Forbes_funk,Свободно
Money_Maker88,Занято
Elite_BizBot,Свободно
Forbes_Funk,Свободно
AncientArchives,Доступно для покупки
OldWorld_Data,Свободно
HistorianBot,Занято
Ancient_Scribes,Свободно
LostCivilizations_bot,Свободно
ChronoScrolls,Занято
AncientWorldArchive,Свободно
chwedfgfgdf,Свободно
Genas_CrocShop,Свободно
KrokodilGena_Inc,Свободно
CheburashkaAndCo_bot,Свободно
CatBotHelper,Свободно
Purrfect_Assistant_bot,Свободно
Purr_bot_Assistant,Свободно
Kitten_Support_bot,Свободно
CatIBot_Assistant,Свободно
KotiBotFinance_bot,Свободно
KittyBotBusiness,Свободно
kot_the_bot,Занято
kitty_bot_2,Свободно
robo_kot_assistant,Свободно
kit_n_bot,Свободно
meow_bot_01,Свободно
kitty_bot_1,Свободно
Gena_Crocodile_Info_bot,Свободно
CrocodileGenaNews,Свободно
Genas_Swamp_Updates_bot,Свободно
OzWizardHelper,Свободно
EmeraldCityGuide_bot,Свободно
ScarecrowAssistant,Свободно
checksum,Доступно для покупки
FactCheckerBot,Занято
VerifyThis_bot,Занято
Truth_Verification,Свободно
FactCheckBot,Занято
VerifyInfo_bot,Свободно
Hurry_Up_Bot,Занято
SpeedDemon_123,Свободно
GetItDoneNow,Доступно для покупки
WhatsTheTimeNow,Занято
TimeLord123,Занято
CurrentTimeBot,Занято
UniversalTimeBot,Свободно
Clockwork_Time,Свободно
TimeCheck_Service,Свободно
OctoberRevolutionBot,Свободно
LeninOnWheels_1917,Свободно
Lenin_ArmoredCar,Свободно
amvera_speedtest_bot,Свободно
check_amvera_status,Свободно
amvera_uptime_monitor,Свободно
VerifyInfo,Свободно
FactValidator,Свободно
ProofChecker,Занято
VerifyFacts,Занято
FactValidation,Свободно
ProofVerifier,Свободно
LongWait,Занято
Delayed_Response,Свободно
StillWaiting,Занято
TimeLag,Занято
PendingTasks,Свободно
LongWaitBot,Свободно
CorpAdmin_Bot,Занято
Market_Intel_1,Свободно
Corp_Metrics,Свободно
Global_Enterprise,Занято
Strategic_Growth_bot,Свободно
DarkMode_bot,Занято
NightVision,Доступно для покупки
Inkwell,Занято
Nightfall_bot,Занято
sunbeam_22,Занято
clear_sky,Занято
EmberGlow,Занято
ZenithPeak,Занято
MindfulMoments,Занято
ProfitNow,Доступно для покупки
DealMaker,Продано
InvestSmart,Доступно для покупки
WhispersOfTheReeds,Свободно
Reed_Whispers,Свободно
SlowProcess,Занято
WhySoLong,Занято
GlobalTradePro,Доступно для покупки
Financial_Guard,Свободно
Business_Intel_1,Свободно
Corp_Solutions,Свободно
Black_UI,Занято
ShadowInterface,Доступно для покупки
ShadowRealm,Занято
ObsidianCore,Занято
pixel_dust,Занято
shadow_dance,Занято
QuietStorm7,Занято
SunKissed_Moments,Свободно
BrightVibes,Доступно для покупки
MarketWise,Доступно для покупки
InvestPro,Доступно для покупки
SecretMarsh_bot,Свободно
HiddenReeds,Свободно
PendingTask,Занято
WaitingGame,Занято
Busy_now,Занято
WorkStatus_bot,Занято
OnDuty_bot,Занято
TaskManagerBot,Занято
IsWorking,Занято
BusinessHours,Доступно для покупки
Busy_Now,Занято
WorkModeOn,Занято
ProjectFlow,Занято
InMeeting,Занято
TaskMaster_bot,Занято
BusinessBot,Занято
Im_So_Productive_lol,Свободно
MoneyMakesMeHappy,Занято
BusyBee_Corp,Свободно
Workaholic_4Life,Свободно
MoneyMakingMachine_bot,Занято
GrindNeverStops,Занято
Capitalist_Dreams,Свободно
cheCKSum,Доступно для покупки
SpeedyRacer,Занято
AsphaltKing,Свободно
FastLaneDriver,Занято
RacingLegend,Свободно
SpeedDemon_bot,Занято
NitroRush,Занято
SpeedyGonzales_bot,Занято
RacingAce,Занято
RacingGhost,Занято
AsphaltAce,Занято
NetPing_Monitor,Свободно
Link_Status_bot,Занято
Connection_Checker_bot,Занято
Connectivity,Доступно для покупки
Network_Pulse_bot,Занято
OnlineCheck_123,Свободно
Network_Status_bot,Занято
LinkTester123,Занято
ConnectivityCheck,Свободно
PingPongBot,Занято
Triumphant_Joy,Свободно
Ecstatic_Celebration,Свободно
Jubilation_Bot,Занято
Judas_Jubilation,Свободно
Judas_Triumph,Свободно
Betrayal_Ecstasy,Свободно
SportGearPro,Свободно
FitnessHub247,Свободно
ActiveLifeStore,Свободно
FitLifeShop,Свободно
ActiveZoneStore,Занято
TopFitnessGear,Занято
VerifyVibes,Занято
UltimateSportShop,Свободно
HairTransplantBot,Свободно
FollicleFriendBot,Свободно
NewHairGrowth_bot,Свободно
FirstHoleFlyer,Свободно
HoleDiver_1,Свободно
SkyfallPioneer,Свободно
MadSuka,Свободно
Suka_Is_Queen,Свободно
Suka_Vibes,Свободно
Jubilation_Echo,Свободно
TriumphantRoar,Свободно
EcstasyWave,Свободно
LongJourneyShop,Свободно
Tropa_ShopBot,Свободно
TokenVerifier,Свободно
TokenChecker,Доступно для покупки
TokenChecker4,Свободно
TokenChecker10,Свободно
GenText10Tokens,Свободно
GenText_Bot,Занято
Gen10Tokens,Свободно
TokenChecker3,Свободно
TripleTokenGen,Свободно
Michelangelo_Genius,Свободно
Text_,Свободно
BorschtBot,Занято
Recipe,Продано
BorschtRecipeChecker,Свободно
Token3Bors,Свободно
LittleZap_Fan,Свободно
Token3Checker,Свободно
TokenVerifier3,Свободно
BorschtBotRecipe,Свободно
Triple,Продано
TokenCheck3_Master,Свободно
TripleToken,Занято
Recipe_,Свободно
TokenChecker15,Свободно
Verify15Tokens,Свободно
TokenChecker100,Свободно
VerifyBot100,Свободно
Michelangelo,Продано
_token_auditor_,Свободно
Token_Generator33,Свободно
TokenCounter_bot,Свободно
ThirtyThreeTokens,Свободно
Logbook_Voyager,Свободно
Ocean_Response_Logger,Свободно
FactFinder_bot,Занято
TokenLog_Voyager,Свободно
API_Seafarer_bot,Свободно
OceanData_Logger,Свободно
TokenCompressor15,Свободно
CompressionCurious,Свободно
FifteenTokenMystery,Свободно
TokenCompressor_bot,Свободно
CompressionWizard,Свободно
FifteenTokenBot,Свободно
TokenCrunch_bot,Свободно
unspecified_account,Свободно
AlgoOptimizer_bot,Свободно
PetParadiseShop,Свободно
HappyPawsPlace,Свободно
MichelangeloMaster,Свободно
DaVinci_Codex,Свободно
RembrandtVision,Свободно
DaVinci_Master,Свободно
Rembrandt,Занято
Raphael,Занято
Caravaggio,Доступно для покупки
VanGogh,Занято
LeonardoDaVinci,Продано
Picasso,Занято
DaVinci,Доступно для покупки
FluffyDonutsShop,Свободно
PlushDonutDelight,Свободно
CuddlyDonutCo,Свободно
GAZ2110_Club,Свободно
Volga_Ten_Fans,Свободно
Zaporozhets_Love,Свободно
ZAZ968_Club,Занято
Zaporo,Доступно для покупки
Zaporozhets_FanClub,Свободно
LadaLegendClub,Свободно
VAZ_enthusiast,Свободно
ClassicZhiguli,Свободно
VelvetWhisper,Доступно для покупки
SecretBliss_Garden,Свободно
BlissfulTouch,Свободно
SecretWhisper,Доступно для покупки
InnerBliss,Доступно для покупки
VelvetTouch,Занято
MidnightDesire,Занято
ForbiddenPleasure,Свободно
SecretBliss,Свободно
InnerDesire,Занято
MidnightWhisper,Свободно
PleasurePalace,Занято
IntimateDelightsShop,Свободно
SecretSensations_Store,Свободно
MidnightDesireEmporium,Свободно
SecretPleasuresShop,Свободно
IntimateDelights100,Свободно
PleasureParadiseStore,Свободно
RetroAutoClub,Свободно
MidnightDesireCo,Свободно
zX1y2,Свободно
_pL4t,Свободно
m3rry,Занято
A7X_Z,Свободно
Codex,Свободно
Mystic,Занято
Chrono,Доступно для покупки
CoolCat,Занято
SunGod,Занято
DeepSea,Занято
DataCheckerPro,Свободно
BaseVerifier_Bot,Свободно
DB_Audit123,Свободно
PinkFlamingoEnigma,Свободно
Flamingo_RiddleMaster,Свободно
PinkFeathersSecrets,Свободно
lovemetenger,Свободно
checksoulmate,Свободно
PostgreSqlBlueBot,Свободно
ReportConfirmation_Bot,Свободно
ReportNinja_bot,Занято
TaskBot,Занято
DataSummary,Свободно
WorkFlow_bot,Занято
IsItSafe_4u_bro,Свободно
Fake,Свободно
CheckFacts_bot,Свободно
CheckPoint_bot,Занято
SecureVerify,Доступно для покупки
AuthControl,Занято
Auth_Guard,Свободно
CheckAuth,Свободно
SecureVerify_bot,Занято
**Качество:** QualityControlBot,Невозможно определить
FactCheckPro,Занято
Precision_Verify,Свободно
SecureValidator,Свободно
AuditControl,Свободно
check_four_bot,Свободно
qatest4,Свободно
verify_4_bot,Занято
check_data_bot,Занято
verify4_bot,Свободно
Check_it_quick,Свободно
FactCheck_Flow,Свободно
TruthSerum_bot,Свободно
ProductInspector,Свободно
AssuranceCheck,Свободно
PrecisionCheck,Свободно
aGame_1,Свободно
Game4fun,Доступно для покупки
PlayTime,Занято
CodeX_bot,Занято
Tech4u,Доступно для покупки
Data10,Занято
Cringe,Продано
MyLittlePinkGeese_bot,Свободно
FluffyPinkButt_420,Свободно
PinkFluffyGoose_bot,Свободно
EpicDickPicGenerator_bot,Свободно
Royal_Cock_Creator,Свободно
LegendaryNudeBot,Свободно
GroovyOutcome,Свободно
NiceTry_bot,Занято
FunkyResult88,Свободно
NiceOne_bot,Занято
FunkySuccess7,Свободно
CheckCat_bot,Занято
ContentVerify,Свободно
ModCheckBot,Свободно
CheckCat,Свободно
StrictCategoryCheck,Свободно
ProductClassificationBot,Занято
CategoryValidator_bot,Свободно
DataClassChecker,Свободно
CategoryChecker_bot,Свободно
VerifyClass,Свободно
RatingClassifier,Свободно
SilkStockingsShop,Свободно
SilkyLegsBoutique,Свободно
LuxuryHosiery_bot,Свободно
BrandNameHunter,Свободно
AuthenticStyle_bot,Свободно
BrandedGoodsAdvisor,Свободно
LuxuryFinds_bot,Свободно
Elite_StyleDeals,Свободно
PremiumGoods_bot,Занято
ExclusiveStyleFinds,Свободно
HistoryEnigma_bot,Свободно
LostChaptersBot,Свободно
AncientSecretsHunter,Свободно
MyMusicPlaylist,Доступно для покупки
SongSuggester,Свободно
TopTune_bot,Свободно
MelodyMemories,Доступно для покупки
TopTuneBot,Занято
MyMusicVault,Свободно
random_user_123,Занято
EpicSoundtrack_Bot,Свободно
MyMusicalJourney,Доступно для покупки
LegendaryTunes,Занято
EpicSoundtracks,Занято
MelodyMaster_bot,Занято
MyAudioAlchemist,Свободно
AnthemChronicles,Свободно
LocalDev_bot,Занято
CodeLocal,Свободно
NearSource_helper,Свободно
LocalSupport_bot,Занято
TechHelperBot,Занято
RemoteAssist,Доступно для покупки
local_focus,Занято
task_maestro,Свободно
Verify_Info,Свободно
vap_wave_beats,Свободно
wave_vap_bot,Свободно
vapour_synth,Свободно
apra_pra,Свободно
a_pra_pra,Свободно
prapra_bot,Занято
aprapratime,Свободно
TruthSeeker,Занято
VerifyNow,Занято
PixelPusher_77,Свободно
IndieGameGroove,Свободно
RetroPixelRumble,Свободно
BunnyHop_bot,Занято
ZipZapBunny,Свободно
SpeedyHare,Свободно
BunnyHop,Свободно
ClothierBot,Свободно
Apparel_Curator,Свободно
Style_Algorithm,Свободно
Bulvinkle_Riddles,Свободно
TheBulvinkleEnigma,Свободно
MysteryBulvinkle,Свободно
Moon_Croc_Gangsta_bot,Свободно
LunarLizardLord69,Свободно
CrocoMoonShine_420,Свободно
CringePatrol,Занято
cringe_inspector_bot,Свободно
cringe_o_meter_420,Свободно
CringePatrol_bot,Свободно
DocVerify_bot,Занято
AuditControl123,Свободно
Doc_Verification_Bot,Свободно
StrictCheck_123,Свободно
Rewind_Epic,Свободно
Encore_Chronicles,Свободно
Repeat_The_Glory,Свободно
QualityControl1,Доступно для покупки
Verification_Pro,Доступно для покупки
QualityCheck_bot,Занято
VerifyAccuracy,Свободно
FactVerifyBot,Свободно
SherlockHolmes_Enigma,Свободно
CaseFiles_221B,Свободно
Deduction_Bot,Занято
Sherlock_Clues,Свободно
CortegeBusiness,Свободно
EliteConvoy,Свободно
Lux_Carriage,Свободно
PixelPusher_bot,Свободно
ArtGenFunky,Свободно
Imaginarium_Maker,Свободно
TibidohFun,Свободно
TibidohGames_bot,Свободно
Tibi_Doh_Laughs,Свободно
MrBean_Fun,Доступно для покупки
Bean_ComedyBot,Свободно
MisterBean_Jokes,Свободно
The_Bean_Show,Свободно
RandomUser_123,Занято
AbstractNotion47,Свободно
Random_User123,Занято
Unrelated_Data_Stream,Свободно
Abstract_Noise_47,Свободно
FunWorkFlow,Свободно
HappyProductivity_bot,Свободно
WorkHardPlayHarder123,Свободно
random_user123,Занято
unremarkable_being,Свободно
"42_abstract_thoughts",Свободно
RandomDataFlow_123,Свободно
Abstract_Notion_42,Свободно
Random_User42,Занято
Abstract_Notion_9,Свободно
RandomUser42,Занято
Business_Assistant,Занято
SmartBizBot,Занято
Unrelated_Data,Свободно
Profit_Growth_99,Свободно
AbstractNotion17,Свободно
Market_Insights_Pro,Свободно
Unseen_Spectre,Свободно
BusinessGrowth_Assistant,Свободно
Abstract_Notion,Свободно
DigitalNomad123,Свободно
digital_echoes,Занято
abstract_47,Свободно
HelloWorld_bot,Занято
Hello_WorldBot1,Свободно
WorldGreeter_bot,Свободно
World_Greeter_bot,Свободно
PeaceMaker_Global,Свободно
WorldPeaceAdvocate,Доступно для покупки
Harmony_Bot,Занято
Peace_Maker,Занято
GlobalHarmony,Доступно для покупки
Unity_Now,Свободно
PeaceDove_7,Свободно
BabyFirstWords_diary,Свободно
MyLittleOneSays,Свободно
TinyTalkerJournal,Свободно
HelloWorldBot,Занято
Hello_World_Assistant,Свободно
Hello_World_Helper_bot,Свободно
HelloWorld_Bot,Занято
WorldGreeterBot,Свободно
Hello_WorldBot,Занято
GreetingBot_01,Свободно
Majestic_Midas,Свободно
Midnight_Monarch,Занято
Mystic_Magnus,Свободно
Midnight_Maelstrom,Свободно
M_Muse,Занято
MistyMelody,Занято
Myriam_belle,Свободно
Minima,Продано
Mysteria,Невозможно определить
Future_Edu_Nexus,Свободно
QuantumLeap_17,Свободно
Synaptic_Streams,Свободно
Chrome_Runner,Свободно
NeoTokyo_Datastream,Свободно
Gridlock_Glitch,Свободно
Bookworm_Chronicles,Занято
PageTurnerBot,Занято
Literary_Addict,Свободно
Bookworm_92,Занято
Literary_Lover13,Свободно
Bookworm_Reads,Занято
Literary_Hunter,Свободно
fastfastfast,Доступно для покупки
quickquickquick,Занято
FastLaneLife,Занято
Velocity_Boost,Свободно
SpeedDemon_1,Свободно
VelocityLife,Занято
FastLane_Bot,Занято
SpeedDemon_007,Свободно
Fast10_sec,Свободно
SpeedDemon10,Свободно
QuickResponseBot,Занято
TenSecTimer,Свободно
FourteenSecondsTimer,Свободно
"14SecCountdown",Свободно
Timer14SecondsBot,Свободно
GenSpeedChecker,Свободно
FastGen_Bot,Свободно
speed_test_bot,Занято
gen_speed_checker,Свободно
SpeedBoost_Pro,Свободно
TurboCharger_Bot,Занято
Velocity_Tweaks,Свободно
VelocityTuning,Свободно
"12sec_timer",Свободно
twelveseconds,Доступно для покупки
fast_timer12,Свободно
twelve_seconds,Свободно
FastLap_Racer,Свободно
NitroBeast_7,Свободно
ApexPredatorRacing,Свободно
"9point8_rekord_bro",Свободно
mega_98_jump_bot,Свободно
rekord_98_fail_epic,Свободно
TenSecParallel_bot,Свободно
Record10SecDB,Свободно
ParallelWriteBot,Свободно
"99_diff_bot",Свободно
almost_same_game,Свободно
retry_99,Свободно
fix11_bot,Занято
eleven_save,Свободно
solution11,Занято
Fix11,Доступно для покупки
SafeHaven11,Занято
EleventhHour_fix,Свободно
save11,Занято
eleven_solution,Свободно
Pancake_Panic16,Свободно
Sixteen_Flipping_Fun,Свободно
OhMyGosh_16Pancakes,Свободно
checkdb,Занято
ThreeHundredLaughs,Свободно
"300_Joke_Bot",Свободно
JokesFor300,Занято
Joke_Master300,Свободно
ElephantDB_helper,Свободно
SalesReportMonitor,Свободно
DataFlow_Bot,Занято
StatBot,Занято
Task_tracker,Доступно для покупки
"300JokesBot",Свободно
FiveHundredJokes,Свободно
JokesFor500,Свободно
FiftyShadesOfJokes,Свободно
Joke500_bot,Свободно
SeaWindForecast,Свободно
MarineWeatherUpdates,Свободно
OceanBreezes_bot,Свободно
Checkmate_Prodigy,Свободно
sdfs__dsf,Свободно
what_about_this,Занято
letsdoit,Доступно для покупки
SpeedCheck_Bot,Занято
MySpeedMeter,Свободно
InternetSpeedTest,Занято
FastCheck_bot,Занято
NetSpeed_Tester,Свободно
SpeedCheckBot,Занято
SpeedTest_Helper,Свободно
NetSpeedCheckBot,Занято
InternetSpeedChecker,Свободно
LeninMushroom_Mystic,Свободно
Lenin_Fungus_Bot,Свободно
Red_Cap_Spores,Свободно
BrickMaster123,Невозможно определить
Brickworks_pro,Невозможно определить
FactoryBricksBot,Невозможно определить
BrickMaster_Corp,Невозможно определить
ClayToBricks_bot,Невозможно определить
BrickworksOnline,Невозможно определить
BrickProductionBot,Невозможно определить
ClayToBrick_Solutions,Невозможно определить
SprintBoost,Невозможно определить
FastSprint_Pro,Невозможно определить
QuickSprint100,Невозможно определить
Sprint_Master,Невозможно определить
QuickDash_bot,Невозможно определить
FastRunner123,Невозможно определить
FastSprint_Bot,Невозможно определить
QuickDash100,Невозможно определить
Broken_Fixer,Невозможно определить
Support_Bot_247,Невозможно определить
Tech_Rescue_101,Невозможно определить
TechHelp_Now,Невозможно определить
BrokenBot,Невозможно определить
FixItFast_bot,Невозможно определить
HelpDesk_Support,Невозможно определить
NoMoreInfoLogs,Свободно
InfoLogKiller,Свободно
Debug_Level_Please,Свободно
EightHundredJokes,Свободно
JokesFor800,Свободно
Joke800_bot,Свободно
AzureElephantBot,Свободно
info_hub,Доступно для покупки
EightHundredLaughs,Свободно
Funny800Bucks,Свободно
Mosquito_Nightmare,Свободно
Nightly_Swarm,Свободно
Bloodsucker_Legion,Свободно
Working_Hard_Bot,Занято
ProductivityBoost,Занято
WorkingHours_bot,Занято
DailyGrindBot,Свободно
BusinessActive,Доступно для покупки
WorkFlowMaster,Свободно
ProjectZenith,Доступно для покупки
dfgsdgdfgdf,Свободно
Equine_Star,Свободно
HorseRacingTips,Доступно для покупки
MyStable_Life,Свободно
EquineStar,Свободно
MyStable_bot,Занято
VioletKitties,Свободно
PurpleCats,Занято
Lilac_Paws,Занято
VioletKitten,Занято
Lavender_Paws,Свободно
Lavender_Meow,Занято
AncestralScents,Свободно
HeritagePerfumes,Свободно
WhispersOfThePast,Занято
VerifyFacts_bot,Свободно
AncestorSpirits,Свободно
LegacyScents,Свободно
AncestorWhispers,Свободно
HeritageScents_bot,Свободно
SpiritGuide1923,Свободно
TimeGen_bot,Занято
TimestampBot,Занято
GenerateTimeNow,Свободно
GeneratedAtBot,Свободно
Timestamp_Creator_bot,Свободно
GenTimeAssistant,Свободно
Timestamper,Свободно
TimeGenStamp_bot,Свободно
GeneratedTimeBot,Свободно
TimeStamper_123,Свободно
GeneratedTime_stamp,Свободно
DataCreationMark,Свободно
GenTimeBot01,Свободно
TimestampGenerator,Свободно
FluffyApricot,Свободно
UshastyApricotFun,Свободно
ApricotEars_bot,Свободно
Fast_Response_Bot,Занято
VerifyThisInfo,Свободно
FoodMenuValidator_bot,Свободно
FoodMenuBot,Занято
BluePG_bot,Свободно
simple_data,Занято
Speedy_Surprise,Свободно
QuickAsAFlash123,Свободно
TruthVerificationBot,Свободно
RestaurantMenuBot,Занято
MenuChecker_bot,Свободно
BlueElephant_db_bot,Свободно
daily_notes,Доступно для покупки
useful_links,Доступно для покупки
data_point,Занято
SoQuickNow,Свободно
WowSoFast_Bot,Свободно
TruthVerifier,Свободно
checksdf,Свободно
MenuCheck_bot,Свободно
CheckMyMenu_bot,Свободно
SingleAnswerBot,Свободно
OneQuestion_bot,Занято
TheOneClue,Свободно
RiddleMeOne,Свободно
Chocoholic_Delights,Свободно
ChocolateHeaven_Shop,Свободно
SweetestChocolateTreats,Свободно
Choco_Treats,Свободно
SweetCocoa_LTD,Свободно
DarkChoc_Shop,Свободно
BackToThePast_bot,Занято
RememberWhen_2023,Свободно
WillItRepeat,Свободно
YesterdayOnceMore,Занято
Back_to_the_past,Доступно для покупки
RememberWhen_bot,Свободно
gen2_query_bot,Свободно
two_not_three_bot,Свободно
why_two_bot,Свободно
InfoValidator,Свободно
RealityCheckPro,Свободно
FactVerificationBot,Свободно
ReliableSource,Доступно для покупки
SignalCheckBot,Занято
dfgdfgd,Доступно для покупки
vapvap_funkmaster,Свободно
VapVapVibes_77,Свободно
vapvap_rhythm_bot,Свободно
Funky,Занято
CheckTheFacts,Занято
CrossCheckInfo,Свободно
dfgdgf_data,Свободно
dfgdgf_hub,Свободно
dfgdfg_stream,Свободно
Simplex_Puzzles,Свободно
MathBrainTeaser,Свободно
EasyHardLogic,Свободно
PopularNameBot,Свободно
TopNames_bot,Свободно
BestBabyNames,Свободно
Alex_Names,Свободно
TopNames,Занято
NameGen,Свободно
Popular_Names_Bot,Свободно
SteppeCossack,Свободно
CossackLife,Свободно
BlueDatabaseBot,Свободно
data_stream,Занято
easy_access,Занято
DonCossacks,Доступно для покупки
MeltingClocks,Свободно
easy_lookup,Свободно
FreeSteppe,Свободно
DaliTimeFlow,Свободно
quick_access,Доступно для покупки
quick_info,Занято
WildSteppe_bot,Свободно
Dali_TimeWarp,Свободно
CossackHeritage,Свободно
MosMaiorum_bot,Свободно
RomanaVirtus,Свободно
PietasEtIustitia,Свободно
MoresMajorum,Свободно
RomanEthicsGuide,Свободно
SenatusConsultum_bot,Свободно
ghjdthef_secure,Свободно
ghjdthef_crypt,Свободно
ghjdthef_cipher,Свободно
LinkCheckBot,Занято
CheckLink_bot,Занято
ConnectionTest,Свободно
SignalVerify,Свободно
PingCheck,Занято
NetworkStatus_bot,Занято
LinkCheck_bot,Занято
Ping_Monitor,Свободно
ReachCheck,Свободно
Really_Now_Bot,Свободно
Unbelievable_Facts,Занято
IsThatTrueBot,Занято
AmazingFacts4U,Свободно
DidYouKnowThat,Доступно для покупки
Incredible_Truth,Свободно
BusinessEthics_Guide,Свободно
EthicalBizBot,Свободно
CorpEthicsAdvisor,Свободно
EthicoBusiness,Свободно
FairTradeBot,Занято
Ethical_Practices,Свободно
EthicsConsult,Свободно
MoralCompassCorp,Свободно
EthicalBiz_bot,Свободно
BusinessEthicsGuide,Свободно
FairPractice_bot,Свободно
EthicAdvisor,Свободно
Status_Check_Funk,Свободно
Health_Check_Flow,Свободно
Uptime_Groove_bot,Свободно
SysCheck_Vibes,Свободно
SystemPulse,Свободно
ArtMakerPro,Свободно
VisualSynth,Свободно
DeepDreamBot,Занято
ImageGen_bot,Занято
PicCreator5000,Свободно
PixelForge_bot,Занято
QC_Pro,Занято
StyleVerify,Свободно
GradeIt,Занято
HighStandardBot,Занято
SurrealClock_bot,Свободно
Audit_Minimal,Свободно
DreamyChronos,Свободно
VerityCheck,Свободно
TimeFluid_bot,Свободно
FB_VolumeTracker,Свободно
SocialInsightsBot,Свободно
uwuPandaKing,Свободно
AutumnLeaves_Diary,Свободно
Golden_October,Свободно
Leaf_Whisperer_Bot,Свободно
LostLeafLegends,Свободно
Generating_Delay,Свободно
Output_Lag,Свободно
Viloribo_Market_bot,Свободно
Market_Analyst,Занято
backlogged_tasks,Свободно
overdue_items_tracker,Свободно
LateAgain_bot,Занято
Delay_Master69,Свободно
backlogged_orders_bot,Свободно
DelayedDeliveryBot,Свободно
HistoryDelays_bot,Свободно
DelayedDeals_bot,Свободно
late_updates_bot,Свободно
history_lag,Свободно
Vavava_Enigma,Свободно
vai_vai_vai_helper,Свободно
yvavyva_is_life,Свободно
sdsdfsdf_helper,Свободно
sdsdfsdf_central,Свободно
sdsdfsdf_hub,Свободно
sdsdfsdf,Доступно для покупки
sdsdfsdf_is_love,Свободно
sdsdfsdf_420_life,Свободно
yva_yva_yva_cipher,Свободно
yva_yva_secret,Свободно
yva_yva_code,Свободно
yvawyva_random,Свободно
Pestilence_bot,Занято
Irrit8_Me_Not,Свободно
eh_moments,Свободно
eh_times_bot,Свободно
past_moments,Свободно
memory_keeper,Занято
old_photos,Доступно для покупки
reminiscence_bot,Занято
VibeCheckMemories,Свободно
DeliveryTracker_Pro,Свободно
Tracking_Reports,Свободно
Report_Bot,Занято
WorkMetrics,Занято
TaskReport,Занято
ProofBot,Занято
ReportBot_HQ,Свободно
Report_Maestro,Свободно
BusinessReports,Доступно для покупки
ReportBot,Занято
AdMetricsPro,Занято
FacebookReach_Bot,Свободно
Bamboo_Bandit_bot,Свободно
FallenLeavesWhisper,Свободно
WhisperingLeaves,Доступно для покупки
FallenLeavesFunk,Свободно
Crumbling_Autumn,Свободно
DelayedResponse_bot,Свободно
Pending_Tasks_bot,Занято
Vilobazhdo_Finance_bot,Свободно
late_again_report,Свободно
Procrastination_King,Свободно
delayed_delivery_bot,Свободно
OrderHistoryTracker,Свободно
Shipment_Status_Bot,Свободно
DelayedHistoryBusiness,Свободно
BizHistoryDelays,Свободно
past_due_bot,Свободно
backlog_tracker,Свободно
Vavava_Mysteries,Свободно
Vavava_Riddle_Me_This,Свободно
vaivaivai_bot,Свободно
vaivai_randomizer,Свободно
sdsdfsdf_data,Свободно
sdsdfsdf_uwu,Свободно
yvawyaa_fun,Свободно
yvawyva_generator,Свободно
Besisch_bot,Свободно
Irritator42,Свободно
Gr8t_Pest_Bot,Свободно
xxx_remembers,Свободно
nostalgia_trip_90s,Свободно
mem0rylane,Доступно для покупки
reminiscing_bot,Занято
past_life,Доступно для покупки
faded_moments,Свободно
reminisce_now,Свободно
memorylane_bot,Занято
FlashbackFunk,Свободно
MemoryLane88,Свободно
BusinessReportsBot,Свободно
ReportCentral,Доступно для покупки
Workflow_Bot,Занято
ReportFlow,Свободно
MarketReachAnalyst,Свободно
FBAudienceGrowth,Свободно
Panda_Butt_69,Свободно
P4nd4_M4sterrace,Свободно
CrimsonAutumn,Занято
Leaflet_Chronicles,Свободно
Autumn_Ghost_Leaves,Свободно
FunkyFallFoliage,Свободно
Slow_Gen_Bot,Свободно
Process_Pause,Свободно
Vilobazhdo_Trading,Свободно
Viloribo_Invest,Свободно
delay_again_bot,Свободно
pending_requests_bot,Свободно
EternalWaiting_bot,Свободно
MyLifeIsLagging,Свободно
FinTech_Solutions,Свободно
late_shipment_tracker,Свободно
shipment_delay_info,Свободно
Backlog_Monitor,Свободно
TrackingHistory_247,Свободно
Business_Delay_Bot,Свободно
HistoryLagTracker,Свободно
delayed_history,Свободно
timeline_slip,Свободно
Vavava_Secrets,Свободно
vaivaivai_generator,Свободно
vaivai,Занято
yva_vyva_spambot,Свободно
yvavyva_masterrace,Свободно
sdsdfs,Доступно для покупки
sdsdfsdf_masterrace,Свободно
yva_yva_enig,Свободно
yvawyaa_codes,Свободно
yvawyva_bot,Свободно
Annoy_o_matic,Свободно
Get_On_My_Nerves,Свободно
PeskyPigeon7,Свободно
old_school_vibe,Занято
faded_echoes,Занято
mem0ries,Доступно для покупки
memoryLane,Доступно для покупки
mem_keeper,Занято
RetroMem_Bot,Свободно
Report_Status_Bot,Занято
SubmitStats,Свободно
ProgressTracker,Доступно для покупки
ProgressBot,Занято
StatusUpdate,Доступно для покупки
StrictBiz_Advisor,Свободно
Fintech_Advisor,Занято
Dark_UI_helper,Свободно
ObsidianTheme,Свободно
DarkMatter,Доступно для покупки
BlackMirror_bot,Занято
aura_glow,Занято
lunar_phase,Занято
StarryNight88,Занято
AetherFlow,Занято
ZenLifeStyle,Занято
SimpleJoy,Доступно для покупки
TradeFlow,Доступно для покупки
BizBot,Занято
ReedWhisperer,Свободно
MarshMurmurs,Свободно
ylanast,продано
clashofclans,продано
amiableavalanche,продано
armi_italia4,продано
askq0,продано
atlantistheroyal,продано
ayyvideos,продано
benimle,продано
broaches,продано
broconer,продано
cafefutures,продано
coins22,продано
corded_ware,продано
craftsidea,продано
delitociberneticos,продано
doyley,продано
farahjon,продано
ferrari_f40,продано
ffnaffy,продано
fragment_sucks_try_us,продано
getgems_sucks_try_us,продано
gramcryptohelp,продано
guidon,продано
i44444444444444i,продано
jetspack,продано
juyaf,продано
lelav,продано
naloges,продано
pexuv,продано
querit,продано
saettaescrow,продано
shoplaptop,продано
sigma_mikson,продано
sigmadoge,продано
stkittsnevis,продано
szteamdev,продано
tetherusdt_erc20,продано
the9w,продано
tiktok2023,продано
tlgrm_wallet,продано
ton_casino777,продано
ton_wtf,продано
touchbest,продано
vacuumed,продано
web30dapps,продано
withdubai,продано
x1900,продано
yand1,продано
yuyanyi,продано
adderall_oxycodone_alp,продано
adderall_oxycodonese,продано
adderall_perc_xan,продано
africasino,продано
agilecore,продано
ahmatcilla,продано
air_wallet,продано
airtos,продано
ak_47_russia,продано
aloww_s,продано
alrosacompany,продано
araoa,продано
bellerage,продано
bigpornohd,продано
blockchain_tlg,продано
blockchainestates,продано
bmw_deutschland,продано
bufferedetfs,продано
buyhotdog,продано
caribbeanvacations,продано
carolinarealestate,продано
carrefourbanca,продано
casualbotpogo,продано
ceo_bitbank,продано
ceo_kukoin,продано
ceo_ltc,продано
cheapman,продано
chimpansee,продано
commoditychannelindex,продано
corumhunt,продано
cr3p2currency,продано
cranebank,продано
cranebankheathrow,продано
cryptocerber,продано
dickhit,продано
dubaihookah,продано
durovdolbaeb,продано
egreeting,продано
emosnel,продано
entrepreneurpodcast,продано
etccoins,продано
father24,продано
fbmeltd,продано
flilaidb,продано
forever_shuka,продано
fragment_admins,продано
freedybank,продано
gobuyer,продано
green_marijuana,продано
guramgvasalia,продано
heseeung,продано
hood_wink,продано
hrosenberg,продано
iislamcoin,продано
islamui,продано
islandsamui,продано
johndeerecompany,продано
jolly6666,продано
kidpenis,продано
lahotels,продано
lastpuncher,продано
lbc_coin_news,продано
ldxbl,продано
leather_dancer,продано
lefonti,продано
lefontitv,продано
leggmason,продано
luxury_suites,продано
lvelisse,продано
maney365,продано
marketombra,продано
maxmaraoriginal,продано
metaversable,продано
microsoftremotedesktop,продано
mittimevines,продано
mommy_for_u,продано
mqlcache,продано
mycybermoney,продано
naltchik,продано
nasdaqmain,продано
ncbabank,продано
ncbagroup,продано
orderfly,продано
oxford_agent,продано
ozon_dev,продано
panentheisms,продано
promptgen,продано
prostitutki06,продано
pussybets,продано
pyrins,продано
q9168,продано
qalyub,продано
qq9168,продано
qq9188,продано
red_username,продано
relativestrengthindex,продано
relativevigorindex,продано
revolverpub,продано
ridacchio,продано
ritwik9,продано
root2admin,продано
royaldutchklm,продано
russian_bets,продано
saint_players,продано
sasebo,продано
sasfinbank,продано
secret_sound,продано
servatbia,продано
sheratondallas,продано
sheykh_almakhtum,продано
shichouzhilu00,продано
shichouzhilu000,продано
slotsslots,продано
sochifeya01,продано
soraia,продано
squbidu,продано
st_kitts_and_nevis,продано
swapknife,продано
swazibank,продано
swingreversal,продано
technologyton,продано
telejato,продано
theforevervirgin,продано
tiktokgeft,продано
tokenoi,продано
tokyoretail,продано
tonprague,продано
tpabloescobr,продано
tracklessbank,продано
traveljeddah,продано
umk33,продано
us_avia,продано
usacore,продано
usedcars_ru,продано
vag_msk,продано
voidd,продано
waifu_coin,продано
web3storeapp,продано
webreselle,продано
wikicoin,продано
williampercentrange,продано
wordiply,продано
yonomiru,продано
zcaa6_id,продано
zongpai,продано
pycckoe_mecto,продано
rewindpendant,продано
sanjarbek0510,продано
chibimarukochan,продано
cryptotetragrammaton,продано
gamemode_creatine,продано
yifanfu_niubi,продано
yifanfu_niubiplus,продано
camilota,продано
duroveschannel,продано
everbroadcast,продано
fiatpandacross,продано
harrods_uk,продано
its_akx,продано
liganjie,продано
multiple_ai,продано
povmovies,продано
pradalini,продано
toncrease,продано
toshkent_xabarlar_rasmiy,продано
x19491001,продано
botserischiness,продано
lop_hoc_dong_gai_xinh,продано
mominlar_mominalar_musulmonlar,продано
smells_weed_music,продано
sor_y,продано
dobro_reviews,продано
heiko_hh,продано
nimanoroziyan,продано
vaalavatar,продано
chattenone,продано
escort_sofia,продано
healthpros,продано
iakrutou,продано
leonar,продано
ontonena,продано
streamer4ort,продано
v3223,продано
freeminthunter,продано
nasdaqnewyork,продано
a_nn6,продано
aars2,продано
adolatci,продано
adstelegramapp,продано
adudhabicrypto,продано
agile_author,продано
aigold,продано
al_hilal_club,продано
amannewyork,продано
americann_1,продано
anonymkid,продано
argentarcher,продано
awesomeoscillator,продано
babyandbeyond,продано
baidian,продано
banksdubai,продано
bbcdude,продано
beijinggou,продано
bep200,продано
berlusqoni,продано
bestroma,продано
bitstarz_tg,продано
bjargo,продано
blockchainase,продано
bmw_x3,продано
bonusy_onlain,продано
btcccasino,продано
buyflipkar,продано
candy_doll_laura_b,продано
carpules,продано
carsharinguae,продано
casino_montecarlo,продано
ccsorter,продано
cefinews,продано
chinadefense,продано
chinasports,продано
chrish,продано
citywallet,продано
comingling,продано
counterstrike_bets,продано
cr_7_fans,продано
cricket_fantasy_11_team_dream,продано
cryengine_metaverse,продано
cryptoboyswag,продано
cryptocrysa,продано
cryptoscammersite,продано
cskh6623online,продано
ctapkc_link,продано
d_a_l_b_a_e_b,продано
daeli,продано
dagsebulba,продано
damac_tg,продано
dangara_uchkoprik_darvozalari,продано
disannul,продано
dmblvck,продано
dongmingzhu,продано
dr4iphone,продано
drgnsup,продано
dsony,продано
dubai_investment_fund,продано
dubaisowner,продано
durovoctober10,продано
ebyis,продано
edistobeach,продано
egiptes,продано
elected_boss,продано
emmanuellamp,продано
enilive,продано
equindig,продано
exxonmobil_tg,продано
eybank,продано
f_a_r_a_o_n,продано
fakemoneyhere,продано
faleeeev,продано
ferrari_portofino,продано
fifa_de,продано
figmart,продано
fipep,продано
flexible_hls,продано
foodanalytics,продано
for420time,продано
for_telegram_girls_boys_chat,продано
forbabychulo,продано
free_midjourney_chatgpt,продано
gamble_bet,продано
gatoroscillator,продано
giftcards_amazon_zalando,продано
glintminer,продано
global_medecine,продано
glow_today,продано
gofur_me,продано
gomoseksualistka,продано
gongqun_qq,продано
gorbachev_perestroyka,продано
gufengmeinv,продано
gz_tg,продано
h0st2,продано
hapket,продано
harnosand,продано
hiframework,продано
hollywoodwalkoffame,продано
humptydumptyton,продано
iislomjon,продано
ilove_u_you,продано
imezakmusic,продано
imovie_vide0,продано
indarts,продано
ininall,продано
investment_appraisal,продано
islandphiphi,продано
jiguli_jentra_kaptiva_malibu_lab,продано
jjmetajj,продано
joycopanda,продано
justyourdaddy,продано
jvcae,продано
k6tor,продано
kakamigahara,продано
kanal_yoqku,продано
khodavandegar,продано
ksa_mofa,продано
kyyjj,продано
la_rent,продано
legend_chicken,продано
legoland_tg,продано
liberty_001,продано
little_prince_telegram,продано
liveindubaimarina,продано
livesportapp,продано
lkton,продано
luba_samoilova,продано
ludmila_shtepenko,продано
luxuryislands,продано
makecash,продано
mam_mon,продано
man_woomen_xxx,продано
manniak,продано
marketingcalendar,продано
mayi_ru,продано
me_me_mentomori,продано
medicalalerts,продано
metawaifu,продано
miilo,продано
mirz0ev,продано
mitkuschelzentrale,продано
mnokx,продано
moscowmockba,продано
mw_tg,продано
mylaunchpool,продано
nakheel_tg,продано
nanotons,продано
naspers_tg,продано
natianal,продано
navigabiy,продано
navoiy_toshkent_taksi_taxi_uz,продано
nbokov,продано
nebulahaven,продано
newpoll,продано
nftgithub,продано
nftonchain,продано
nhockeyl,продано
nonvedente,продано
novatek_tg,продано
nozhki_foots,продано
ommbb,продано
onestopcryptoinvestment,продано
opportunitybank,продано
ozodbek_nazarbekov_mp3lar_qoshiq,продано
p0kerking,продано
pappagu,продано
paxful_tg,продано
paykix,продано
payprogram,продано
pdftojpg,продано
plzjesus,продано
pohuybet,продано
pokeballers,продано
popeconomy,продано
potclock,продано
premium_b0t,продано
priceschool,продано
proximad,продано
ptopton,продано
pump_coine,продано
punk_vitalik,продано
qe_tg,продано
qieruo,продано
rakh1movv1,продано
rayyansiddique,продано
receivership,продано
redrosecake_tubageckil,продано
rgkarmch,продано
rifmuyu_molcha,продано
rigel_dev,продано
ripplenetbot,продано
rsrsrsrsrsr,продано
rucargo,продано
russian_woomen,продано
samarqand_qizlarga_kvartira,продано
samuiisland,продано
saxiy_garant_admin,продано
secluding,продано
sexloto,продано
sharpieman,продано
shichouzhilua111,продано
simholder_support_666,продано
sinfulmoscow,продано
sitepron,продано
slaviccouple,продано
smegmaeater,продано
snowl,продано
speedsteering,продано
squadogs,продано
starsearner,продано
stend_ap,продано
stopjerking,продано
stuttgarterin,продано
supducks,продано
supercape,продано
taehyunggkim,продано
taken1000,продано
team_11_dream_cricket_fantasy,продано
telavivshops,продано
ton131,продано
ton_paulo_sale,продано
toncalm,продано
tonvivo,продано
trefnoy,продано
tribolante,продано
tucec,продано
tuning_amg,продано
unity3d_metaverse,продано
universeweb3,продано
uolkswagen,продано
usafoffical,продано
veniamis,продано
vip99999999999999999999,продано
voapi,продано
vodiy_toshkent_kattabozor_olxuzb,продано
walletavia,продано
wallpapers_hd_4k_8k_3d_2d,продано
washingtondccity,продано
we3id,продано
web3cams,продано
web3marketting,продано
werenbach,продано
whale_club_ticket,продано
whatsappreminder,продано
whystable,продано
wildberries_bank_official,продано
wildberriesbankru,продано
woieni,продано
worldminds,продано
wtonorg,продано
xbet_stavka_prognoz_1xbetchilar,продано
xian_shun,продано
xsdpu,продано
year_of_the_black_water_rabbit,продано
yinliu_88,продано
yongyeziwang,продано
zhangboju,продано
zhengcaihengcai,продано
zikr_qil,продано
ziwdy,продано
zt_tg,продано
zu_tg,продано
PsychologistReflections,Свободно
TherapyInsights_bot,Свободно
InnerWorkDiary,Свободно
MindfulMoments_log,Свободно
SessionSummaries123,Свободно
PsychSessionNotes,Свободно
SessionDiary,Свободно
PsyInsights,Занято
MindNotes_bot,Занято
MindSpace_bot,Занято
InnerWorlds,Занято
TherapyReflections,Свободно
PsyNotes,Доступно для покупки
SessionNotes,Свободно
MindMirror,Занято
InnerSpace_bot,Занято
TherapyThoughts,Свободно
AccurateInfoBot,Занято
Authenticity_bot,Занято
