Username;Price;Category
cookieconsent;5478;РџСЂРѕС‡РµРµ
winner;5100;Р‘СЂРµРЅРґС‹ Рё РѕР±С‰РёРµ СЃР»РѕРІР°
yfyl;5050;РљРѕСЂРѕС‚РєРёРµ РёР»Рё СѓРґР°С‡РЅС‹Рµ СЃРѕС‡РµС‚Р°РЅРёСЏ Р±СѓРєРІ
ying;5050;РљРѕСЂРѕС‚РєРёРµ РёР»Рё СѓРґР°С‡РЅС‹Рµ СЃРѕС‡РµС‚Р°РЅРёСЏ Р±СѓРєРІ
pigu;5050;РљРѕСЂРѕС‚РєРёРµ РёР»Рё СѓРґР°С‡РЅС‹Рµ СЃРѕС‡РµС‚Р°РЅРёСЏ Р±СѓРєРІ
pg28;5050;РџСЂРѕС‡РµРµ
satoshifriends70;2700;РџСЂРѕС‡РµРµ
submit;1560;РџСЂРѕС‡РµРµ
sympathy;1208;РџСЂРѕС‡РµРµ
shiver;978;РџСЂРѕС‡РµРµ
emote;890;РџСЂРѕС‡РµРµ
until;888;РџСЂРѕС‡РµРµ
mommy;628;РџСЂРѕС‡РµРµ
virginity;598;РџСЂРѕС‡РµРµ
darby;541;РџСЂРѕС‡РµРµ
fault;541;РџСЂРѕС‡РµРµ
asiacryptotoday;525;РџСЂРѕС‡РµРµ
eliminate;515;РџСЂРѕС‡РµРµ
griffith;515;РџСЂРѕС‡РµРµ
randomized;515;РџСЂРѕС‡РµРµ
poisonous;515;РџСЂРѕС‡РµРµ
spying;400;РџСЂРѕС‡РµРµ
jpmorgan_coin;320;РџСЂРѕС‡РµРµ
coast;300;РџСЂРѕС‡РµРµ
jealousy;300;РџСЂРѕС‡РµРµ
recivesms;300;РџСЂРѕС‡РµРµ
xxxxb;265;РџСЂРѕС‡РµРµ
beautyblender;240;РџСЂРѕС‡РµРµ
axisbank;233;РџСЂРѕС‡РµРµ
icicibank;233;РџСЂРѕС‡РµРµ
pavlusha;200;РџСЂРѕС‡РµРµ
mulan;200;РџСЂРѕС‡РµРµ
bundesbank;194;РџСЂРѕС‡РµРµ
iilii;192;РџСЂРѕС‡РµРµ
cc666;186;РџСЂРѕС‡РµРµ
megalodon;125;РџСЂРѕС‡РµРµ
yapikredi;122;РџСЂРѕС‡РµРµ
merrill;111;РџСЂРѕС‡РµРµ
creaks;111;РџСЂРѕС‡РµРµ
btcwallet;110;РџСЂРѕС‡РµРµ
g000g;110;РџСЂРѕС‡РµРµ
nameuser;110;РџСЂРѕС‡РµРµ
mercedesbenzbank;109;РџСЂРѕС‡РµРµ
kurdai;105;РџСЂРѕС‡РµРµ
bffff;104;РџСЂРѕС‡РµРµ
applewallet;104;РџСЂРѕС‡РµРµ
sabbbank;104;РџСЂРѕС‡РµРµ
ubsglobal;104;РџСЂРѕС‡РµРµ
merrilllynch;104;РџСЂРѕС‡РµРµ
elmas;104;РџСЂРѕС‡РµРµ
gamesapp;104;РџСЂРѕС‡РµРµ
the_open_network;104;РџСЂРѕС‡РµРµ
chiello;104;РџСЂРѕС‡РµРµ
yf858;104;РџСЂРѕС‡РµРµ
dujin;104;РџСЂРѕС‡РµРµ
xxxyq;104;РџСЂРѕС‡РµРµ
nunnn;104;РџСЂРѕС‡РµРµ
uuunu;104;РџСЂРѕС‡РµРµ
tonstar;104;РџСЂРѕС‡РµРµ
fonbets;104;РџСЂРѕС‡РµРµ
prognozi;104;РџСЂРѕС‡РµРµ
avtomaty;104;РџСЂРѕС‡РµРµ
prognozyy;104;РџСЂРѕС‡РµРµ
stavk;104;РџСЂРѕС‡РµРµ
pornukhaa;104;РџСЂРѕС‡РµРµ
shlyukhii;104;РџСЂРѕС‡РµРµ
stavkaa;104;РџСЂРѕС‡РµРµ
kriptaa;104;РџСЂРѕС‡РµРµ
stavkii;104;РџСЂРѕС‡РµРµ
olimpbets;104;РџСЂРѕС‡РµРµ
bk_1xbet;104;РџСЂРѕС‡РµРµ
fragmentapp;104;РџСЂРѕС‡РµРµ
getoutline;104;РџСЂРѕС‡РµРµ
lawer;104;РџСЂРѕС‡РµРµ
treee;104;РџСЂРѕС‡РµРµ
mmlive;104;РџСЂРѕС‡РµРµ
fastreceiver;104;РџСЂРѕС‡РµРµ
tg5201314;100;РџСЂРѕС‡РµРµ
penelope;100;РџСЂРѕС‡РµРµ
casinolegit;100;РџСЂРѕС‡РµРµ
j4444;100;РџСЂРѕС‡РµРµ
getgemsapp;100;РџСЂРѕС‡РµРµ
ku77777;100;РџСЂРѕС‡РµРµ
de77777;100;РџСЂРѕС‡РµРµ
bestregards;90;РџСЂРѕС‡РµРµ
kristya;75;РџСЂРѕС‡РµРµ
haircum;69;РџСЂРѕС‡РµРµ
xxxfzr;66;РџСЂРѕС‡РµРµ
tokenoff;66;РџСЂРѕС‡РµРµ
selector;65,1;РџСЂРѕС‡РµРµ
kkkqk;63;РџСЂРѕС‡РµРµ
rrrtr;56;РџСЂРѕС‡РµРµ
badcat;55;РџСЂРѕС‡РµРµ
g555g;55;РџСЂРѕС‡РµРµ
bt666;50;РџСЂРѕС‡РµРµ
kkpoker_club;50;РџСЂРѕС‡РµРµ
deffx;50;РџСЂРѕС‡РµРµ
blog_sex;50;РџСЂРѕС‡РµРµ
trololo;50;РџСЂРѕС‡РµРµ
katespade;45;РџСЂРѕС‡РµРµ
x555x;44;РџСЂРѕС‡РµРµ
pillz;41;РџСЂРѕС‡РµРµ
usdapp;38;РџСЂРѕС‡РµРµ
yfvip;35;РџСЂРѕС‡РµРµ
dexhelp;35;РџСЂРѕС‡РµРµ
paulsmith;32;РџСЂРѕС‡РµРµ
w_t_t;30;РџСЂРѕС‡РµРµ
t_t_h;30;РџСЂРѕС‡РµРµ
tonaz;29;РџСЂРѕС‡РµРµ
arabiangolden;29;РџСЂРѕС‡РµРµ
viptz;28;РџСЂРѕС‡РµРµ
a_n_n;27;РџСЂРѕС‡РµРµ
sviptt;27;РџСЂРѕС‡РµРµ
nnnnn1;27;РџСЂРѕС‡РµРµ
vadimka;27;РџСЂРѕС‡РµРµ
l444l;26;РџСЂРѕС‡РµРµ
world_banks;25;РџСЂРѕС‡РµРµ
bankofamericaofficial;25;РџСЂРѕС‡РµРµ
ttt5tt;25;РџСЂРѕС‡РµРµ
r_m_e;25;РџСЂРѕС‡РµРµ
vvvvvy;25;РџСЂРѕС‡РµРµ
uj666;25;РџСЂРѕС‡РµРµ
autocredits;25;РџСЂРѕС‡РµРµ
hi444;25;РџСЂРѕС‡РµРµ
vnnvn;23;РџСЂРѕС‡РµРµ
ggccg;23;РџСЂРѕС‡РµРµ
ux666;23;РџСЂРѕС‡РµРµ
ov111;22;РџСЂРѕС‡РµРµ
y_h_i;21,21;РџСЂРѕС‡РµРµ
ggege;21,01;РџСЂРѕС‡РµРµ
qwert123;21;РџСЂРѕС‡РµРµ
qh777;21;РџСЂРѕС‡РµРµ
ceopage;21;РџСЂРѕС‡РµРµ
vrvrr;20;РџСЂРѕС‡РµРµ
ym777;20;РџСЂРѕС‡РµРµ
ny444;20;РџСЂРѕС‡РµРµ
nm111;20;РџСЂРѕС‡РµРµ
new_s24;20;РџСЂРѕС‡РµРµ
cardstore;20;РџСЂРѕС‡РµРµ
ffame;20;РџСЂРѕС‡РµРµ
kv777;20;РџСЂРѕС‡РµРµ
ym222;20;РџСЂРѕС‡РµРµ
vb777;20;РџСЂРѕС‡РµРµ
xl000;20;РџСЂРѕС‡РµРµ
cy777;20;РџСЂРѕС‡РµРµ
tourpan;20;РџСЂРѕС‡РµРµ
yyyyy0;20;РџСЂРѕС‡РµРµ
pwpww;19;РџСЂРѕС‡РµРµ
erson;19;РџСЂРѕС‡РµРµ
u_n_x;19;РџСЂРѕС‡РµРµ
queen1;19;РџСЂРѕС‡РµРµ
mrhamster;19;РџСЂРѕС‡РµРµ
lightningmcqueen;19;РџСЂРѕС‡РµРµ
maxxxx;19;РџСЂРѕС‡РµРµ
galapagos;19;РџСЂРѕС‡РµРµ
jarjarbinks;19;РџСЂРѕС‡РµРµ
s_o_h;18;РџСЂРѕС‡РµРµ
qjjqq;18;РџСЂРѕС‡РµРµ
bbybbb;18;РџСЂРѕС‡РµРµ
mitchellness;18;РџСЂРѕС‡РµРµ
xe111;18;РџСЂРѕС‡РµРµ
ws000;18;РџСЂРѕС‡РµРµ
crookscastles;18;РџСЂРѕС‡РµРµ
s_r_x;17;РџСЂРѕС‡РµРµ
je777;17;РџСЂРѕС‡РµРµ
ej777;17;РџСЂРѕС‡РµРµ
buterinvitaliy;17;РџСЂРѕС‡РµРµ
c_f_r;16;РџСЂРѕС‡РµРµ
k_r_w;16;РџСЂРѕС‡РµРµ
qs000;16;РџСЂРѕС‡РµРµ
bqqqqq;16;РџСЂРѕС‡РµРµ
ddddd7;16;РџСЂРѕС‡РµРµ
yj111;16;РџСЂРѕС‡РµРµ
bushmills;16;РџСЂРѕС‡РµРµ
delova;16;РџСЂРѕС‡РµРµ
spider;15;РџСЂРѕС‡РµРµ
yg777;15;РџСЂРѕС‡РµРµ
g22222;15;РџСЂРѕС‡РµРµ
auntification;15;РџСЂРѕС‡РµРµ
pp0000;15;РџСЂРѕС‡РµРµ
mursi;15;РџСЂРѕС‡РµРµ
py000;15;РџСЂРѕС‡РµРµ
od444;15;РџСЂРѕС‡РµРµ
expressloan;15;РџСЂРѕС‡РµРµ
jj4444;15;РџСЂРѕС‡РµРµ
ul111;15;РџСЂРѕС‡РµРµ
mo222;15;РџСЂРѕС‡РµРµ
berrybox;15;РџСЂРѕС‡РµРµ
wa777;15;РџСЂРѕС‡РµРµ
zaozhi;15;РџСЂРѕС‡РµРµ
mramin;14;РџСЂРѕС‡РµРµ
r888m;14;РџСЂРѕС‡РµРµ
zzrrz;14;РџСЂРѕС‡РµРµ
sq777;14;РџСЂРѕС‡РµРµ
teleega;13;РџСЂРѕС‡РµРµ
rockster;13;РџСЂРѕС‡РµРµ
uw3333;13;РџСЂРѕС‡РµРµ
zr1111;13;РџСЂРѕС‡РµРµ
cn707;13;РџСЂРѕС‡РµРµ
x_t_i;13;РџСЂРѕС‡РµРµ
worrr;13;РџСЂРѕС‡РµРµ
qh444;13;РџСЂРѕС‡РµРµ
trypay;12;РџСЂРѕС‡РµРµ
afkseller;12;РџСЂРѕС‡РµРµ
zd777;12;РџСЂРѕС‡РµРµ
ri777;12;РџСЂРѕС‡РµРµ
oxxooo;12;РџСЂРѕС‡РµРµ
user48;12;РџСЂРѕС‡РµРµ
clarin;12;РџСЂРѕС‡РµРµ
lordfeg;12;РџСЂРѕС‡РµРµ
ox333;12;РџСЂРѕС‡РµРµ
huanjian;12;РџСЂРѕС‡РµРµ
uepro;12;РџСЂРѕС‡РµРµ
v_s_z;12;РџСЂРѕС‡РµРµ
princearabic;12;РџСЂРѕС‡РµРµ
greyy;12;РџСЂРѕС‡РµРµ
qa777;12;РџСЂРѕС‡РµРµ
rayes;12;РџСЂРѕС‡РµРµ
veronichka;12;РџСЂРѕС‡РµРµ
ulaanbaatar;12;РџСЂРѕС‡РµРµ
bastardt;12;РџСЂРѕС‡РµРµ
botova;12;РџСЂРѕС‡РµРµ
tablees;11,1;РџСЂРѕС‡РµРµ
leehanc;11;РџСЂРѕС‡РµРµ
man_dubai;11;РџСЂРѕС‡РµРµ
a_i_2;11;РџСЂРѕС‡РµРµ
ib777;11;РџСЂРѕС‡РµРµ
hv001;11;РџСЂРѕС‡РµРµ
eyyey;11;РџСЂРѕС‡РµРµ
aztecs;11;РџСЂРѕС‡РµРµ
slyak;11;РџСЂРѕС‡РµРµ
ustozation;11;РџСЂРѕС‡РµРµ
w_r_v;11;РџСЂРѕС‡РµРµ
e_s_p;11;РџСЂРѕС‡РµРµ
rc444;11;РџСЂРѕС‡РµРµ
ud333;11;РџСЂРѕС‡РµРµ
ql444;11;РџСЂРѕС‡РµРµ
nftrenta;11;РџСЂРѕС‡РµРµ
dknyjeans;11;РџСЂРѕС‡РµРµ
gyulnar;11;РџСЂРѕС‡РµРµ
iv111;11;РџСЂРѕС‡РµРµ
atcave;11;РџСЂРѕС‡РµРµ
gr444;11;РџСЂРѕС‡РµРµ
vipjq;11;РџСЂРѕС‡РµРµ
nikesbpro;11;РџСЂРѕС‡РµРµ
dangerousboy;11;РџСЂРѕС‡РµРµ
jocel;11;РџСЂРѕС‡РµРµ
darkfarms1;11;РџСЂРѕС‡РµРµ
chang_cheng;10;РџСЂРѕС‡РµРµ
hyunnjae;10;РџСЂРѕС‡РµРµ
e_1_3;10;РџСЂРѕС‡РµРµ
virgin_money;10;РџСЂРѕС‡РµРµ
bndes;10;РџСЂРѕС‡РµРµ
okxaz;10;РџСЂРѕС‡РµРµ
infiniton;10;РџСЂРѕС‡РµРµ
oneqr;10;РџСЂРѕС‡РµРµ
w8_88;10;РџСЂРѕС‡РµРµ
sy488;10;РџСЂРѕС‡РµРµ
xsixsi;10;РџСЂРѕС‡РµРµ
sossso;10;РџСЂРѕС‡РµРµ
okoook;10;РџСЂРѕС‡РµРµ
m1mm1;10;РџСЂРѕС‡РµРµ
giftsfragmentbot;10;РџСЂРѕС‡РµРµ
muuui;10;РџСЂРѕС‡РµРµ
sandboa;10;РџСЂРѕС‡РµРµ
gameinvests;10;РџСЂРѕС‡РµРµ
saintpasha;10;РџСЂРѕС‡РµРµ
try2ge;10;РџСЂРѕС‡РµРµ
fuckpix;10;РџСЂРѕС‡РµРµ
xjjxxx;10;РџСЂРѕС‡РµРµ
lv_ast2;10;РџСЂРѕС‡РµРµ
stickerdomstore;10;РџСЂРѕС‡РµРµ
sheikh_77;10;РџСЂРѕС‡РµРµ
xrida;10;РџСЂРѕС‡РµРµ
soon7;10;РџСЂРѕС‡РµРµ
idi_nahuy_ebanat;10;РџСЂРѕС‡РµРµ
l_r_f;10;РџСЂРѕС‡РµРµ
ven9m;10;РџСЂРѕС‡РµРµ
usdc_ticket;10;РџСЂРѕС‡РµРµ
atmotc;10;РџСЂРѕС‡РµРµ
pro100petyh;10;РџСЂРѕС‡РµРµ
oddiydasturchi;10;РџСЂРѕС‡РµРµ
vbivvchernuhu;10;РџСЂРѕС‡РµРµ
baopu;10;РџСЂРѕС‡РµРµ
qj7777;10;РџСЂРѕС‡РµРµ
ew6666;10;РџСЂРѕС‡РµРµ
za_cbo_goida;10;РџСЂРѕС‡РµРµ
ticket_usdc;10;РџСЂРѕС‡РµРµ
sheykhan;10;РџСЂРѕС‡РµРµ
safe_usdc;10;РџСЂРѕС‡РµРµ
uzumakinagato;10;РџСЂРѕС‡РµРµ
atm_otc;10;РџСЂРѕС‡РµРµ
scccccccccccccccccc;10;РџСЂРѕС‡РµРµ
aaaaaaaaaaaaaaaaaaaaaaaaaaaasssd;10;РџСЂРѕС‡РµРµ
nelix;10;РџСЂРѕС‡РµРµ
fast_otc;10;РџСЂРѕС‡РµРµ
hk_otc;10;РџСЂРѕС‡РµРµ
safe_usd;10;РџСЂРѕС‡РµРµ
dubaicorniche;10;РџСЂРѕС‡РµРµ
aylaroim;10;РџСЂРѕС‡РµРµ
dddepp;10;РџСЂРѕС‡РµРµ
notcoinkeeperbot;10;РџСЂРѕС‡РµРµ
rockyroom;10;РџСЂРѕС‡РµРµ
biolar_chiroyli;10;РџСЂРѕС‡РµРµ
od0000;10;РџСЂРѕС‡РµРµ
rt222;10;РџСЂРѕС‡РµРµ
oz5555;10;РџСЂРѕС‡РµРµ
unkiplag;10;РџСЂРѕС‡РµРµ
r_u_l;10;РџСЂРѕС‡РµРµ
eruletka;10;РџСЂРѕС‡РµРµ
arabreport;10;РџСЂРѕС‡РµРµ
ishonchliman;10;РџСЂРѕС‡РµРµ
lv_ast_01;10;РџСЂРѕС‡РµРµ
tap2gold;10;РџСЂРѕС‡РµРµ
otvratnie;10;РџСЂРѕС‡РµРµ
sirli_aka;10;РџСЂРѕС‡РµРµ
euueu;10;РџСЂРѕС‡РµРµ
tgpuzi;10;РџСЂРѕС‡РµРµ
holfish;10;РџСЂРѕС‡РµРµ
copieds;10;РџСЂРѕС‡РµРµ
f_a_d;10;РџСЂРѕС‡РµРµ
mellstr1y;10;РџСЂРѕС‡РµРµ
compyuterchi;10;РџСЂРѕС‡РµРµ
x_xomar;10;РџСЂРѕС‡РµРµ
sawdashi;10;РџСЂРѕС‡РµРµ
web3past;10;РџСЂРѕС‡РµРµ
godscantkillme;10;РџСЂРѕС‡РµРµ
o_e_8;10;РџСЂРѕС‡РµРµ
tavgad;10;РџСЂРѕС‡РµРµ
f9200;10;РџСЂРѕС‡РµРµ
heldd;10;РџСЂРѕС‡РµРµ
ajmanmediacity;10;РџСЂРѕС‡РµРµ
mistter;10;РџСЂРѕС‡РµРµ
shiddatli_tv;10;РџСЂРѕС‡РµРµ
donater_oka;10;РџСЂРѕС‡РµРµ
cibla;10;РџСЂРѕС‡РµРµ
x_7up;10;РџСЂРѕС‡РµРµ
i_r_h;10;РџСЂРѕС‡РµРµ
r_a_v;10;РџСЂРѕС‡РµРµ
lazuritniy;10;РџСЂРѕС‡РµРµ
notpixel_god;10;РџСЂРѕС‡РµРµ
k_e_r;10;РџСЂРѕС‡РµРµ
k_x_q;10;РџСЂРѕС‡РµРµ
jendepolly;10;РџСЂРѕС‡РµРµ
f5f5ff;10;РџСЂРѕС‡РµРµ
xokim_togo;10;РџСЂРѕС‡РµРµ
barclays_eu;10;РџСЂРѕС‡РµРµ
tg_tupatoper;10;РџСЂРѕС‡РµРµ
i_1_x;10;РџСЂРѕС‡РµРµ
alfonets;10;РџСЂРѕС‡РµРµ
lovefluttershy;10;РџСЂРѕС‡РµРµ
s_7_a;10;РџСЂРѕС‡РµРµ
robberymessi;10;РџСЂРѕС‡РµРµ
pasi1212;10;РџСЂРѕС‡РµРµ
o7ddd;10;РџСЂРѕС‡РµРµ
ldyor;10;РџСЂРѕС‡РµРµ
online_blackjack;10;РџСЂРѕС‡РµРµ
truerazrez;10;РџСЂРѕС‡РµРµ
attackgod;10;РџСЂРѕС‡РµРµ
illdoxer;10;РџСЂРѕС‡РµРµ
liymi;10;РџСЂРѕС‡РµРµ
crimesexy;10;РџСЂРѕС‡РµРµ
jjyye;10;РџСЂРѕС‡РµРµ
mu111;10;РџСЂРѕС‡РµРµ
snowwarrior;10;РџСЂРѕС‡РµРµ
zzzrs;10;РџСЂРѕС‡РµРµ
simkov;10;РџСЂРѕС‡РµРµ
miningpepe;10;РџСЂРѕС‡РµРµ
lejsyan;10;РџСЂРѕС‡РµРµ
ldatingl;10;РџСЂРѕС‡РµРµ
dangerousknight;10;РџСЂРѕС‡РµРµ
jordannike;10;РџСЂРѕС‡РµРµ
bj111;10;РџСЂРѕС‡РµРµ
firstmouse;10;РџСЂРѕС‡РµРµ
looit;10;РџСЂРѕС‡РµРµ
ze444;10;РџСЂРѕС‡РµРµ
dz444;10;РџСЂРѕС‡РµРµ
tioletpaper;10;РџСЂРѕС‡РµРµ
earthengine;10;РџСЂРѕС‡РµРµ
bullruned;10;РџСЂРѕС‡РµРµ
coderpyth;10;РџСЂРѕС‡РµРµ
wowfe;10;РџСЂРѕС‡РµРµ
aa_aaaaaa;10;РџСЂРѕС‡РµРµ
iudej;10;РџСЂРѕС‡РµРµ
ceoineurope;10;РџСЂРѕС‡РµРµ
samarqanskiy;10;РџСЂРѕС‡РµРµ
samarqandliy;10;РџСЂРѕС‡РµРµ
wipeable;10;РџСЂРѕС‡РµРµ
cssxeos;10;РџСЂРѕС‡РµРµ
waffe88;10;РџСЂРѕС‡РµРµ
gptwallet;9;РџСЂРѕС‡РµРµ
zu_of;9;РџСЂРѕС‡РµРµ
cn252;9;РџСЂРѕС‡РµРµ
cn323;9;РџСЂРѕС‡РµРµ
dogsminiapp;9;РџСЂРѕС‡РµРµ
pidroid;9;РџСЂРѕС‡РµРµ
newsdurov;8,8;РџСЂРѕС‡РµРµ
pofeq;8,5;РџСЂРѕС‡РµРµ
g1btc;8;РџСЂРѕС‡РµРµ
m10pay;8;РџСЂРѕС‡РµРµ
vkpoo;8;РџСЂРѕС‡РµРµ
svipgolden;8;РџСЂРѕС‡РµРµ
da642;8;РџСЂРѕС‡РµРµ
bonnm;8;РџСЂРѕС‡РµРµ
mh444444;8;РџСЂРѕС‡РµРµ
cn393;8;РџСЂРѕС‡РµРµ
anon_e;8;РџСЂРѕС‡РµРµ
namesrental;8;РџСЂРѕС‡РµРµ
nonoob;8;РџСЂРѕС‡РµРµ
cas1nos;8;РџСЂРѕС‡РµРµ
vqlllll;8;РџСЂРѕС‡РµРµ
esportsgambling;8;РџСЂРѕС‡РµРµ
ruvpy;7,8;РџСЂРѕС‡РµРµ
ruaig;7,79;РџСЂРѕС‡РµРµ
pywru;7,7;РџСЂРѕС‡РµРµ
voorw;7,7;РџСЂРѕС‡РµРµ
vktotg;7,2;РџСЂРѕС‡РµРµ
relicentertainment;7,1;РџСЂРѕС‡РµРµ
ahhaha;7;РџСЂРѕС‡РµРµ
duaa_tg;7;РџСЂРѕС‡РµРµ
auction_nick;7;РџСЂРѕС‡РµРµ
nftvender;7;РџСЂРѕС‡РµРµ
wuvoo;7;РџСЂРѕС‡РµРµ
bufax;7;РџСЂРѕС‡РµРµ
scj666;7;РџСЂРѕС‡РµРµ
scj888;7;РџСЂРѕС‡РµРµ
qeedu;7;РџСЂРѕС‡РµРµ
pf4321;7;РџСЂРѕС‡РµРµ
russianfts;7;РџСЂРѕС‡РµРµ
hyccy;7;РџСЂРѕС‡РµРµ
d3393;7;РџСЂРѕС‡РµРµ
grim_dawn;7;РџСЂРѕС‡РµРµ
slotsbetting;7;РџСЂРѕС‡РµРµ
vipmyboss;7;РџСЂРѕС‡РµРµ
eagerlover;7;РџСЂРѕС‡РµРµ
aviadubai;7;РџСЂРѕС‡РµРµ
pyccj;6,98;РџСЂРѕС‡РµРµ
alphacker;6,85;РџСЂРѕС‡РµРµ
xvivv;6,5;РџСЂРѕС‡РµРµ
etfetherium;6,5;РџСЂРѕС‡РµРµ
sarcheshme;6,4;РџСЂРѕС‡РµРµ
bitfake;6,4;РџСЂРѕС‡РµРµ
sultani;6,1;РџСЂРѕС‡РµРµ
ypaxyecoc;6,1;РџСЂРѕС‡РµРµ
ghostier;6,1;РџСЂРѕС‡РµРµ
onebingus;6,1;РџСЂРѕС‡РµРµ
deorbit;6;РџСЂРѕС‡РµРµ
metishah;6;РџСЂРѕС‡РµРµ
damac_ru;6;РџСЂРѕС‡РµРµ
toncoinunofficial;6;РџСЂРѕС‡РµРµ
tavbada;6;РџСЂРѕС‡РµРµ
criqqy;6;РџСЂРѕС‡РµРµ
gaiaxygas;6;РџСЂРѕС‡РµРµ
yjdb333;6;РџСЂРѕС‡РµРµ
ua_marijuana;6;РџСЂРѕС‡РµРµ
jukelex;6;РџСЂРѕС‡РµРµ
terekhovo;6;РџСЂРѕС‡РµРµ
tonoverflow;6;РџСЂРѕС‡РµРµ
sheikhemirat;6;РџСЂРѕС‡РµРµ
musk_inc;6;РџСЂРѕС‡РµРµ
belamor;6;РџСЂРѕС‡РµРµ
forumcar;6;РџСЂРѕС‡РµРµ
soshanguve;6;РџСЂРѕС‡РµРµ
e6ays;6;РџСЂРѕС‡РµРµ
poisk0;6;РџСЂРѕС‡РµРµ
lipitor;5,9;РџСЂРѕС‡РµРµ
r0o0j;5,8;РџСЂРѕС‡РµРµ
yunjinn;5,7;РџСЂРѕС‡РµРµ
meritagehomes;5,5;РџСЂРѕС‡РµРµ
t2faq;5,49;РџСЂРѕС‡РµРµ
weed;5,3;РљРѕСЂРѕС‚РєРёРµ РёР»Рё СѓРґР°С‡РЅС‹Рµ СЃРѕС‡РµС‚Р°РЅРёСЏ Р±СѓРєРІ
memefistore;5,3;РџСЂРѕС‡РµРµ
yezeifu;5,27;РџСЂРѕС‡РµРµ
advicie;5,1;РџСЂРѕС‡РµРµ
blumflag;5;РџСЂРѕС‡РµРµ
seo_binance;5;РџСЂРѕС‡РµРµ
pc20;5;РџСЂРѕС‡РµРµ
cocynucbku;5;РџСЂРѕС‡РµРµ
incredibleturkey;5;РџСЂРѕС‡РµРµ
classicarders;5;РџСЂРѕС‡РµРµ
exchangememe;5;РџСЂРѕС‡РµРµ
gymmoscow;5;РџСЂРѕС‡РµРµ
lawprecedent;5;РџСЂРѕС‡РµРµ
gaggenau;5;РџСЂРѕС‡РµРµ
tonenl;5;РџСЂРѕС‡РµРµ
wewjo;5;РџСЂРѕС‡РµРµ
topviewai;5;РџСЂРѕС‡РµРµ
gruproj;5;РџСЂРѕС‡РµРµ
zaluzhny;4,8;РџСЂРѕС‡РµРµ
blackjackings;4,48;РџСЂРѕС‡РµРµ
qh88mobi;4,2;РџСЂРѕС‡РµРµ
casino_montecarlo;4;РџСЂРѕС‡РµРµ
xcamsxx;4;РџСЂРѕС‡РµРµ
hosthotels;4;РџСЂРѕС‡РµРµ
jjmetajj;4;РџСЂРѕС‡РµРµ
xian_shun;4;РџСЂРѕС‡РµРµ
carve;3;РџСЂРѕС‡РµРµ
benimle;2;РџСЂРѕС‡РµРµ
the9w;2;РџСЂРѕС‡РµРµ
perfume;1;РџСЂРѕС‡РµРµ
