Username;Price
atlasteam;104
duaa_tg;7
remengdan;10
hwgfw;11
qianliexian;104
addsignal;10
pelvis;25.τεβ
kimchaewon;10
vkpoo;8
alumni;321
tanbai;104
sultani;06.νβ
roast;888
metishah;6
advicie;05.νβ
b_m_n;11
cryptomahinator;100
okex0;15
auction_nick;7
mramin;14
u4she;10
goodness;515
randomized;515
vaeed;10
sbertoli;10
afkseller;12
twistersvb;10
zz55cc;10
tiipk;07.θών
voorw;07.θώλ
firrg;07.θών
dd2277;10
pbl6k;10
vip4088;13
derealized;11.νξ
mz2688;10
pavlusha;200
anticounterfeiting;15
sheikh_77;10
atmotc;10
usdc_ticket;10
r_m_e;25
ruvpy;07.ΰβγ
unmez;25
dogiban;45
defiapp;104
xrida;10
pereavtobusbot;10
gyrocopter;25
m2g87;10
zu_of;9
ticket_usdc;10
qj7777;10
ew6666;10
e_1_3;10
kizzy;17
actor_best;19
khjeh;10
safe_usd;10
bs_77770_xd;10
nftvender;7
cvc_xx;10
hk_otc;10
ven9m;10
safe_usdc;10
js_stripe;10
call_issuer;10
devstripe;10
idempotency_error;10
billsiver;10
fast_otc;10
atm_otc;10
unkiplag;10
new_s24;20
deusbar;10
pywru;07.θώλ
eseninobmen;10
ruaig;θώλ.79
phobos;550
spying;400
anon_e;8
bonnm;8
tap2gold;10
da642;8
zhiniu;20
joseli;19
liuhua;20
nafasol;10
kurdai;105
insoncha;10
holfish;10
fjake;10
transplanted;10
advocates;56
hobbits;56
fengtai;20
amethystaegis;06.θών
pofeq;08.μΰι
uepro;12
f9200;10
zr1111;13
cn323;9
cn252;9
cn707;13
cn393;8
pf4321;7
zaaaj;10
zazabw;9
heldd;10
minedragons;104
dubairich;114
j4444;100
satoshifriends71;3
timijiaoyi;10
diedguy;9
peterschiff;104
xokim_togo;10
usddot;15
usddtt;25
usddvip;111
usddnft;25
usddtron20;10
cv1488v;10
usddtrc20;110
addthreema;10
shark_exchange;10
illdoxer;10
jjyye;10
getoutline;104
awesomeapp;104
xxxxb;265
narkodevil;12
satoshifriends76;2,875
eyyey;11
ku77777;100
cas1nos;8
o7ddd;10
de77777;100
escortagency;150
atcave;11
bastardt;12
wowfe;10
trypixx;10
zaozhi;15
tourpan;20
wipeable;10
deadpresidents;10
crimesexy;10
compyuterchi;10
o_e_8;10
axueh;10
wagerlab;25
rayes;12
chsvadmin;10
fastreceiver;104
worrr;13
mursi;15
greyy;12
wdgx8;θών.94
wdgx6;θών.86
whoisshe;13
ne469;8
tg_tupatoper;10
vadimka;27
d444444;12
longfei;58
marsashop;104
toolsfy;10
certify;810
im_tool;10
cryptoglad;8
coin_corp;8
powerticd;10
ecolink;104
yyyyy0;20
psilocybine;10
z_s_k;15
icebergwallet;9
stars_tg_vip;10
a_x_w;18
pynru;07.μΰπ
z1danprince;10
roovw;07.μΰι
tiikb;7.000000001
daakg;7.000000001
ffhfz;θών.85
unstaking;10
haircum;69
uncopyable;10
lanni;20
izomer;9
ulesc;7
pysou;8
tolerate;569
blaar;11
taesaun;12
k3rm1n;10
bluton;8
hatepop;10
web3associate;10
ydjjj;15
komga_maw;10
hhdhz;θών.85
vip08z;8
vip98x;8
poorscammer;10
maidq;10
igeve;10
hwtbi02;10
vip09s;8
gearstore;10
gdzll;8
fugoag;10
clarktos;10
xiaoqie;38
beiwan;21
electorcontract;10
qzdny;10
devils;1,29
wildipo;8
ghostier;06.νβ
ic444;12
gi000;12
longshang;12
pgeve;10
zunhuang;11
dgdny;10
pluumy;10
edjiu;10
hrdny;10
victor1;9
veehp;7.333
dirtynft;θών.85
frigusmens;6.878
wdgx10;7
sympathy;1,208
rspace;116
vampires;1,061.55
middlemenmm;10
aaausdt;104
x888v;112
crcrc;17
trxuuu;37
vuqee;7.000000001
pyccj;θών.98
crypto_skamers;10
tandao;11
shengding;11
cn757;10
cn737;10
nxaaa;11
until;888
bbxxx;150
wushen;180
cn353;7
szszs;50
shiver;978
sirli_aka;10
slyao;8
avenge;933
supersage;15
ogwow;10
a6561;10
jutekk;10
elimeshi;10
alphacker;θών.85
kaiserheim;θών.45
kareem;3,5
lone;8,177
burunduk;17
i55555k;8
unbelief;10
virginity;598
nftsip;10
x66666i;8
hiigz;8
cn525;8
grim_dawn;7
emote;890
daifubot;56
ibiki;15
zelis;29
depressing;569
disgusting;515
tiipl;9
jettonselling;7
oooooao;15
bolim;11
phony;515
testify;515
simp;5,05
e6368;8
g84444;10
pycrn;7.000000001
perk040;7
hylpay;10
goldfish;515
rubleman;20
minirovanie;10
nostylistgoat;10
biter;110
pokolenie;45
mommyc;10
zhibovip;10
outvh;9
a777k;19
rightwing;104
caught;1,095.16
laoyeya;12
nonstopp;16
arenxiara;10
publicbets;116
poilo;104
logpay;104
craaw;10
eelegancy;10
sourcetrend;10
sevgi_va_gurpalar;10
xegeg;7
b7xx7b;10
unavailability;104
godeater666;10
jipaihang;20
bloodyboy;104
lntercept;20
vcute;10
beauttify;10
stiflingchip192;10
iimmmm;10
boy22;19
volp3x;10
andreq;19
workp2pmsk;10
crafte;161
uhhhh;104
slit;5,05
richbozo;10
bbutterfly;10
dqqqq;104
beikua;10
infini;104
egitim;97
c_f_r;16
angry_angry;15
batterfly;20
narcobarin;10
web922;7
vowir;8
venipede;10
cuiba;20
servant;515
effort;569
truslo;10
rechen;11
newar;20
g1btc;8
mraz6;8
wonkex;7
raboot;25
depend;515
usddd;104
geeee;104
jangal;104
melanie;600
metapool;104
symon;23
mohaya;10
mrpret_spprt;20
z_h_q;10
katomiko;12
vipaaa;40
hangshun;11
kindness;515
michaelnovogratz;104
rusyadaegitim;10
qltiandanbao;8
promptsagent;10
y777777;15
btc7l;8
espectaculo;10
illya;26,25
denlia;8
utqut;8
glittering;10
severe;1133
apocalipsis;104
g_s_o;10
dumpster;170
pinkie;116
lirzo;9
drugfair;10
mafiozi;104
e6ays;6
trevana;10
bank_nn;8
pyccf;7
trampgandon;10
trumpsyka;10
pupus;36
bizmall;104
adol1488;θών.31
snapgod;18
nusxasiz;10
y_h_i;21.21
devilfsb;10
shaju;42
transphobia;104
shhhh;104
awwww;104
sdbtoken;10
stim_igry;104
moneymarket;130
shithole;104
theugly;10
well_done;10
englon;10
texted;104
joyyy;11
shermy;104
w_l_r;15
max779;8
i_0_s;24
robertherjavec;104
pg28;5,05
sador;18
daymondjohn;104
byypu;θών.87
xkuty;10
verochat_3;10
verochat_flud;10
verochat_2;10
prostitutxy;10
adlutmiddleman;10
uukfak;10
taqdirli;10
grounds;73.5
d99999p;8
paulcezanne;104
mrpret24;104
submit;1,56
z66666r;8
r66666u;8
c99999r;8
r99999u;8
xyy1998;10
habbles;9
onlymixgiris;10
mmvvvv;10
beware;700
aauuuu;12
houseofparlament;6.000000001
wallet18;18
iikvn;10
sesilia;10
r3223;10
r_b_k;18
respectful;515
nvmgarant;10
nvmgold;10
nvmrun;10
hw9999;39
nvmtop;10
byypa;7
heituan;10
xsixsi;10
cn232;7
ranluo;10
zakotchi;10
liutuan;10
shitty;515
srssss;20
underage;850
aochun;10
shenqin;10
tiaodian;10
yy776;100
sarcheshme;06.ΰοπ
zhuishao;10
hyccy;7.000000001
c8886;14
tg_bf;10
o_f_d;12
zcwushen;10
kv_eremchenko;10
n66666x;8
qz_tg;6
faraons;14
sbpton;10
yglerod;9
nnrrrr;10
imingyu;12
fuckwithmoney;10
invests24;06.δεκ
adultmiddlemen;10
ttt22;104
w_u_r;16
kasperskylaboratory;25
ttt11;104
ttt55;104
ttt66;104
