Username,Price,Date
@eliminate,515,2023-08-30
@badcat,55,2024-05-27
@griffith,515,2023-07-30
@bffff,104,2023-08-29
@leehanc,11,2025-02-11
@coast,300,2024-08-25
@g1btc,8,2025-02-19
@submit,"1,560",2025-02-19
@man_dubai,11,2023-01-11
@chang_cheng,10,2023-04-16
@casino_montecarlo,4,2023-09-24
@gptwallet,9,2023-04-07
@applewallet,104,2023-03-30
@btcwallet,110,2023-03-10
@ahhaha,7,2024-12-01
@deorbit,6,2024-08-18
@weed,"5,303",2023-01-08
@duaa_tg,7,2025-02-21
@mercedesbenzbank,109,2022-12-21
@axisbank,233,2023-01-06
@icicibank,233,2023-01-06
@yapikredi,122,2023-07-06
@blumflag,5,2025-02-04
@hyunnjae,10,2024-10-24
@auction_nick,7,2025-02-20
@e_1_3,10,2025-02-20
@mramin,14,2025-02-20
@advicie,5.1,2025-02-20
@metishah,6,2025-02-20
@sultani,6.1,2025-02-20
@world_banks,25,2023-01-13
@virgin_money,10,2023-01-01
@bankofamericaofficial,25,2022-12-27
@damac_ru,6,2025-02-07
@sabbbank,104,2023-01-12
@randomized,515,2025-02-20
@ubsglobal,104,2023-03-30
@bndes,10,2023-01-18
@bundesbank,194,2023-01-10
@tonaz,29,2023-06-18
@merrilllynch,104,2023-03-29
@okxaz,10,2025-02-15
@m10pay,8,2024-11-04
@merrill,111,2023-04-09
@infiniton,10,2025-02-11
@spider,"15,000",2025-01-06
@bt666,50,2023-12-17
@vrvrr,20,2024-02-19
@ttt5tt,25,2023-08-02
@ggege,21.01,2025-02-17
@oneqr,10,2024-11-17
@w8_88,10,2024-02-11
@sy488,10,2023-08-31
@xsixsi,10,2025-02-19
@sossso,10,2024-10-24
@yg777,15,2024-08-29
@r888m,14,2024-10-17
@tg5201314,100,2025-01-11
@okoook,10,2024-03-03
@m1mm1,10,2023-11-11
@penelope,100,2023-01-20
@toncoinunofficial,6,2024-10-21
@elmas,104,2023-01-09
@benimle,2,2025-02-09
@trypay,12,2025-01-29
@teleega,13,2025-02-17
@giftsfragmentbot,10,2025-02-14
@kristya,75,2024-12-18
@seo_binance,5,2023-02-18
@satoshifriends70,"2,700",2025-02-17
@c_f_r,16,2025-02-19
@a_n_n,27,2024-02-17
@muuui,10,2024-09-03
@afkseller,12,2025-02-20
@sandboa,10,2025-01-31
@gameinvests,10,2025-02-18
@rockster,13,2025-02-14
@saintpasha,10,2024-09-08
@gamesapp,104,2024-09-28
@try2ge,10,2025-02-17
@vkpoo,8,2025-02-21
@fuckpix,10,2024-09-09
@kkpoker_club,50,2023-12-26
@xjjxxx,10,2024-03-20
@the_open_network,104,2023-08-11
@asiacryptotoday,525,2022-11-28
@beautyblender,240,2022-11-27
@casinolegit,100,2022-11-29
@jpmorgan_coin,320,2022-12-02
@sarcheshme,6.4,2025-02-19
@pavlusha,200,2025-02-20
@lv_ast2,10,2024-05-05
@stickerdomstore,10,2025-02-14
@ypaxyecoc,6.1,2025-01-08
@darby,541,2022-12-18
@sheikh_77,10,2025-02-20
@xrida,10,2025-02-20
@soon7,10,2024-09-28
@xcamsxx,4,2024-11-20
@r_m_e,25,2025-02-20
@cookieconsent,5.478,2025-02-03
@idi_nahuy_ebanat,10,2023-08-14
@l_r_f,10,2024-09-28
@ven9m,10,2025-02-20
@pyccj,6.98,2025-02-20
@perfume,"1,000",2024-02-23
@usdc_ticket,10,2025-02-20
@atmotc,10,2025-02-20
@tavbada,6,2025-02-08
@pro100petyh,10,2024-05-26
@oddiydasturchi,10,2024-05-24
@vbivvchernuhu,10,2024-06-10
@w_t_t,30,2025-01-21
@baopu,10,2024-07-04
@mommy,628,2023-02-03
@qj7777,10,2025-02-20
@ew6666,10,2025-02-20
@za_cbo_goida,10,2024-06-19
@ticket_usdc,10,2025-02-20
@zu_of,9,2025-02-20
@chiello,104,2023-07-20
@sheykhan,10,2025-01-30
@yfvip,35,2023-12-31
@jealousy,300,2023-09-29
@safe_usdc,10,2025-02-20
@uzumakinagato,10,2025-01-01
@yfyl,"5,050",2023-12-16
@atm_otc,10,2025-02-20
@ying,"5,050",2023-08-29
@nftvender,7,2025-02-20
@pc20,"5,050",2024-01-13
@scccccccccccccccccc,10,2023-06-04
@aaaaaaaaaaaaaaaaaaaaaaaaaaaasssd,10,2023-05-16
@nelix,10,2024-05-13
@fast_otc,10,2025-02-20
@hk_otc,10,2025-02-20
@safe_usd,10,2025-02-20
@spying,400,2025-02-20
@dubaicorniche,10,2023-01-23
@s_o_h,18,2025-02-13
@yf858,104,2023-04-10
@winner,"5,100",2023-11-03
@aylaroim,10,2024-08-14
@dujin,104,2025-02-12
@dddepp,10,2024-10-23
@xxxfzr,66,2025-01-15
@pigu,"5,050",2023-08-04
@xxxyq,104,2025-02-09
@a_i_2,11,2025-02-16
@pg28,"5,050",2025-02-19
@notcoinkeeperbot,10,2025-01-07
@criqqy,6,2024-12-07
@rockyroom,10,2024-06-26
@biolar_chiroyli,10,2023-07-23
@oxxooo,12,2024-06-18
@kurdai,105,2025-02-20
@carve,"3,000",2023-08-26
@ruvpy,7.8,2025-02-20
@unkiplag,10,2025-02-20
@wuvoo,7.000000001,2025-02-19
@bufax,7,2025-02-19
@r_u_l,10,2025-02-19
@svipgolden,8,2025-02-14
@eruletka,10,2025-01-26
@new_s24,20,2025-02-20
@alphacker,6.85,2025-02-20
@arabreport,10,2024-09-01
@pywru,7.7,2025-02-20
@ishonchliman,10,2024-10-17
@kkkqk,63,2024-09-08
@cardstore,20,2024-10-17
@lv_ast_01,10,2024-10-23
@tap2gold,10,2025-02-20
@nunnn,104,2024-08-12
@uuunu,104,2024-08-12
@emote,890,2025-02-20
@shiver,978,2025-02-20
@until,888,2025-02-20
@sympathy,"1,208",2025-02-20
@recivesms,300,2023-10-07
@tonstar,104,2023-10-27
@ruaig,7.79,2025-02-20
@scj666,7,2025-02-15
@scj888,7,2025-02-15
@user48,12,2023-07-07
@creaks,111,2025-02-13
@eyyey,11,2025-02-20
@otvratnie,10,2025-02-18
@da642,8,2025-02-20
@bonnm,8,2025-02-20
@sirli_aka,10,2025-02-20
@cc666,186,2025-02-19
@clarin,12,2025-02-16
@sviptt,27,2025-01-12
@lordfeg,12,2023-04-06
@euueu,10,2025-02-05
@vnnvn,23,2024-09-06
@tgpuzi,10,2024-10-15
@cocynucbku,5,2024-05-19
@holfish,10,2025-02-20
@copieds,10,2024-10-03
@f_a_d,10,2024-09-17
@ox333,12,2025-02-01
@mellstr1y,10,2024-10-14
@compyuterchi,10,2025-02-20
@aztecs,11,2024-07-28
@x_xomar,10,2024-06-23
@sawdashi,10,2024-09-21
@web3past,10,2024-07-24
@fonbets,104,2023-08-19
@pillz,41,2025-02-13
@prognozi,104,2023-08-18
@avtomaty,104,2023-08-19
@prognozyy,104,2023-08-18
@stavk,104,2023-08-19
@gaiaxygas,6,2024-11-10
@godscantkillme,10,2024-11-24
@pornukhaa,104,2023-08-18
@shlyukhii,104,2023-08-18
@stavkaa,104,2023-08-19
@kriptaa,104,2023-08-19
@stavkii,104,2023-08-18
@olimpbets,104,2023-08-19
@bk_1xbet,104,2023-08-18
@slyak,11,2025-02-10
@hosthotels,4,2024-12-28
@o_e_8,10,2025-02-20
@deffx,50,2025-01-15
@qeedu,7,2023-04-30
@tavgad,10,2025-02-17
@huanjian,12,2025-02-16
@uw3333,13,2025-02-17
@zzrrz,14,2024-03-27
@ghostier,6.1,2025-02-20
@voorw,7.7,2025-02-20
@ffame,20,2025-02-10
@pofeq,8.5,2025-02-20
@mh444444,8,2025-02-17
@cn252,9,2025-02-20
@cn323,9,2025-02-20
@uepro,12,2025-02-20
@zr1111,13,2025-02-20
@f9200,10,2025-02-20
@cn707,13,2025-02-20
@cn393,8,2025-02-20
@pf4321,7,2025-02-20
@ov111,22,2024-08-03
@fault,541,2024-03-19
@heldd,10,2025-02-20
@rrrtr,56,2024-07-30
@ajmanmediacity,10,2023-12-16
@mistter,10,2024-05-24
@russianfts,7,2025-02-09
@j4444,100,2025-02-20
@yjdb333,6,2024-09-24
@blog_sex,50,2023-11-28
@jjmetajj,4,2025-01-28
@fragmentapp,104,2024-06-15
@shiddatli_tv,10,2024-10-14
@donater_oka,10,2024-01-19
@cibla,10,2022-12-18
@x_7up,10,2025-01-25
@meritagehomes,5.5,2025-02-14
@qjjqq,18,2023-07-21
@ustozation,11,2024-03-04
@anon_e,8,2025-02-20
@i_r_h,10,2025-01-18
@r_a_v,10,2024-10-06
@lazuritniy,10,2025-02-17
@notpixel_god,10,2025-02-15
@auntification,15,2024-02-11
@k_e_r,10,2025-01-28
@k_x_q,10,2024-01-27
@k_r_w,16,2025-02-12
@t_t_h,30,2024-11-07
@w_r_v,11,2025-01-13
@ggccg,23,2023-07-27
@pwpww,19,2024-08-08
@e_s_p,11,2024-02-11
@ua_marijuana,6,2024-04-18
@y_h_i,21.21,2025-02-19
@bbybbb,18,2024-07-26
@jendepolly,10,2024-09-17
@s_r_x,17,2024-09-10
@f5f5ff,10,2023-08-08
@xokim_togo,10,2025-02-20
@x_t_i,13,2024-02-13
@barclays_eu,10,2023-01-07
@tg_tupatoper,10,2025-02-20
@i_1_x,10,2024-11-08
@alfonets,10,2024-03-05
@lovefluttershy,10,2024-10-11
@s_7_a,10,2024-11-15
@v_s_z,12,2024-11-19
@robberymessi,10,2024-06-04
@yezeifu,5.27,2024-10-18
@arabiangolden,29,2022-12-18
@dexhelp,35,2022-12-18
@pasi1212,10,2025-02-01
@getoutline,104,2025-02-20
@lawer,104,2022-12-25
@princearabic,12,2022-12-23
@jukelex,6,2025-02-02
@incredibleturkey,5,2025-01-07
@erson,19,2025-01-14
@haircum,69,2025-02-20
@o7ddd,10,2025-02-20
@ldyor,10,2024-09-20
@classicarders,5,2025-02-12
@online_blackjack,10,2023-12-20
@hyccy,7.000000001,2025-02-19
@u_n_x,19,2025-02-15
@truerazrez,10,2024-09-14
@attackgod,10,2024-03-10
@illdoxer,10,2025-02-20
@xxxxb,265,2025-02-20
@liymi,10,2025-02-15
@crimesexy,10,2025-02-20
@treee,104,2024-10-24
@jjyye,10,2025-02-20
@d3393,7,2024-11-13
@getgemsapp,100,2024-06-03
@queen1,19,2024-11-15
@grim_dawn,7,2025-02-20
@qwert123,21,2024-11-07
@terekhovo,6,2024-12-18
@tonoverflow,6,2023-12-28
@vvvvvy,25,2024-11-08
@mu111,10,2025-01-09
@pp0000,15,2024-10-05
@qs000,16,2025-01-01
@sq777,14,2024-11-23
@selector,65.1,2024-12-06
@x555x,44,2024-10-17
@slotsbetting,7,2024-08-07
@snowwarrior,10,2024-11-22
@mrhamster,19,2025-01-11
@paulsmith,32,2024-10-08
@rc444,11,2025-01-09
@ud333,11,2025-01-09
@ux666,23,2024-12-26
@uj666,25,2024-09-13
@trololo,50,2024-10-22
@zzzrs,10,2025-02-19
@mmlive,104,2025-01-23
@namesrental,8,2025-01-26
@newsdurov,8.8,2025-01-14
@sheikhemirat,6,2024-09-11
@musk_inc,6,2024-09-10
@simkov,10,2025-02-15
@greyy,12,2025-02-20
@lightningmcqueen,19,2024-11-18
@maxxxx,19,2024-11-15
@miningpepe,10,2024-04-04
@mitchellness,18,2024-11-18
@mursi,15,2025-02-20
@qa777,12,2025-01-28
@qh777,21,2024-12-26
@ql444,11,2024-12-17
@py000,15,2024-11-19
@dogsminiapp,9,2024-09-11
@exchangememe,5,2024-06-16
@lejsyan,10,2024-12-31
@ldatingl,10,2025-02-18
@od444,15,2024-09-03
@nftrenta,11,2024-10-06
@nnnnn1,27,2024-11-08
@nonoob,8,2024-11-11
@vipmyboss,7,2024-12-30
@bqqqqq,16,2024-11-15
@dangerousknight,10,2025-02-15
@ddddd7,16,2024-11-18
@dknyjeans,11,2024-12-10
@poisonous,515,2023-06-29
@worrr,13,2025-02-20
@jordannike,10,2024-06-11
@katespade,45,2024-10-19
@gyulnar,11,2024-12-29
@kv777,20,2025-02-06
@autocredits,25,2024-08-09
@bj111,10,2025-01-04
@blackjackings,4.48,2024-12-16
@belamor,6,2025-01-09
@rayes,12,2025-02-20
@firstmouse,10,2025-02-18
@forumcar,6,2024-06-15
@gymmoscow,5.000000001,2024-12-27
@expressloan,15,2024-12-24
@cas1nos,8,2025-02-20
@ku77777,100,2025-02-20
@g555g,55,2024-11-20
@jj4444,15,2024-11-09
@iv111,11,2025-01-09
@je777,17,2025-02-05
@looit,10,2025-02-18
@nameuser,110,2024-05-09
@ul111,15,2024-09-26
@yj111,16,2025-01-01
@ze444,10,2024-10-12
@ym222,20,2025-01-09
@atcave,11,2025-02-20
@vqlllll,8,2025-02-06
@vb777,20,2025-02-06
@xe111,18,2025-01-09
@xl000,20,2024-08-31
@ws000,18,2024-12-28
@dz444,10,2024-10-12
@gr444,11,2025-01-09
@mo222,15,2024-11-11
@hi444,25,2024-09-05
@vipjq,11,2024-12-17
@soshanguve,6,2025-02-18
@zaluzhny,4.8,2025-01-20
@yunjinn,5.7,2025-02-19
@viptz,28,2023-12-10
@berrybox,15,2025-02-06
@tablees,11.111111,2025-02-15
@tioletpaper,10,2024-07-07
@tokenoff,66,2023-01-05
@usdapp,38,2024-08-22
@earthengine,10,2024-11-20
@esportsgambling,8,2024-04-29
@ej777,17,2025-02-05
@eagerlover,7,2024-10-28
@de77777,100,2025-02-20
@bullruned,10,2025-01-04
@bushmills,16,2024-09-12
@coderpyth,10,2024-12-26
@memefistore,5.3,2025-02-14
@nikesbpro,11,2024-10-20
@onebingus,6.1,2025-02-19
@pidroid,9,2025-02-11
@cy777,20,2025-02-06
@wowfe,10,2025-02-20
@aa_aaaaaa,10,2024-08-30
@dangerousboy,11,2025-01-11
@crookscastles,18,2024-11-18
@qh444,13,2024-11-13
@iudej,10,2023-06-17
@wa777,15,2024-01-28
@galapagos,19,2024-11-19
@virginity,598,2025-02-20
@veronichka,12,2024-11-20
@ulaanbaatar,12,2024-07-10
@bastardt,12,2025-02-20
@jarjarbinks,19,2024-11-19
@buterinvitaliy,17,2024-11-21
@mulan,200,2024-11-04
@botova,12,2025-02-15
@lawprecedent,5,2025-01-26
@vadimka,27,2025-02-20
@bestregards,90,2025-02-12
@vktotg,7.2,2025-02-07
@aviadubai,7,2025-02-16
@bitfake,6.4,2025-02-19
@xian_shun,4,2024-09-04
@megalodon,125,2024-04-18
@xvivv,6.5,2025-02-19
@fastreceiver,104,2025-02-20
@ceoineurope,10,2024-04-05
@samarqanskiy,10,2023-08-04
@samarqandliy,10,2023-12-05
@tourpan,20,2025-02-20
@wipeable,10,2025-02-20
@ceopage,21,2025-02-18
@zaozhi,15,2025-02-20
@yyyyy0,20,2025-02-20
@iilii,192,2023-03-31
@cssxeos,10,2024-03-03
@jocel,11,2023-05-13
@etfetherium,6.5,2025-01-30
@gaggenau,5,2025-01-19
@relicentertainment,7.1,2025-02-07
@tonenl,5,2025-01-20
@darkfarms1,11,2025-02-07
@e6ays,6,2025-02-19
@qh88mobi,4.2,2025-01-21
@the9w,2,2025-02-09
@wewjo,5,2023-10-31
@lipitor,5.9,2025-01-20
@r0o0j,5.8,2025-01-03
@waffe88,10,2024-10-14
@delova,16,2024-01-14
@poisk0,6,2025-01-20
@topviewai,5,2025-01-20
@gruproj,5,2025-01-20
@qz_tg,6,2025-02-19
@t2faq,5.49,2025-01-12
@satoshifriends76,"2,875",2025-02-20
@bezmozgliy,10,2024-11-10
@sintetika,55,2024-11-25
@amiscary,7,2024-08-30
@fabrikans,5,2024-12-07
@defilauncher,10,2024-09-14
@defiexplorer,17,2022-12-05
@catlt,9,2024-01-27
@doggk,7,2024-01-25
@haopan,12,2023-04-25
@suoxie,20,2024-02-16
@keine,13,2024-11-15
